x_turb2,y_turb2,wind_speed,wind_direction,turbulence_intensity,turbine1_power,turbine2_powers,farm_power
0.0,0.0,8.0,270.0,0.06,1753.954459179171,1753.954459179171,3507.908918358342
0.0,50.0,8.0,270.0,0.06,1753.954459179171,1753.954459179171,3507.908918358342
0.0,100.0,8.0,270.0,0.06,1753.954459179171,1753.954459179171,3507.908918358342
0.0,150.0,8.0,270.0,0.06,1753.954459179171,1753.954459179171,3507.908918358342
0.0,200.0,8.0,270.0,0.06,1753.954459179171,1753.954459179171,3507.908918358342
0.0,250.0,8.0,270.0,0.06,1753.954459179171,1753.954459179171,3507.908918358342
0.0,300.0,8.0,270.0,0.06,1753.954459179171,1753.954459179171,3507.908918358342
0.0,350.0,8.0,270.0,0.06,1753.954459179171,1753.954459179171,3507.908918358342
0.0,400.0,8.0,270.0,0.06,1753.954459179171,1753.954459179171,3507.908918358342
0.0,450.0,8.0,270.0,0.06,1753.954459179171,1753.954459179171,3507.908918358342
0.0,500.0,8.0,270.0,0.06,1753.954459179171,1753.954459179171,3507.908918358342
0.0,550.0,8.0,270.0,0.06,1753.954459179171,1753.954459179171,3507.908918358342
50.0,0.0,8.0,270.0,0.06,1753.954459179171,132.5481088834421,1886.502568062613
50.0,50.0,8.0,270.0,0.06,1753.954459179171,667.0737904072637,2421.0282495864344
50.0,100.0,8.0,270.0,0.06,1753.954459179171,1461.1424270887578,3215.0968862679283
50.0,150.0,8.0,270.0,0.06,1753.954459179171,1738.0360301882154,3491.9904893673865
50.0,200.0,8.0,270.0,0.06,1753.954459179171,1753.7824475606812,3507.736906739852
50.0,250.0,8.0,270.0,0.06,1753.954459179171,1753.9540609074515,3507.9085200866225
50.0,300.0,8.0,270.0,0.06,1753.954459179171,1753.9544589840489,3507.9089181632194
50.0,350.0,8.0,270.0,0.06,1753.954459179171,1753.9544591791514,3507.9089183583224
50.0,400.0,8.0,270.0,0.06,1753.954459179171,1753.954459179171,3507.908918358342
50.0,450.0,8.0,270.0,0.06,1753.954459179171,1753.954459179171,3507.908918358342
50.0,500.0,8.0,270.0,0.06,1753.954459179171,1753.954459179171,3507.908918358342
50.0,550.0,8.0,270.0,0.06,1753.954459179171,1753.954459179171,3507.908918358342
100.0,0.0,8.0,270.0,0.06,1753.954459179171,162.3702408788755,1916.3247000580466
100.0,50.0,8.0,270.0,0.06,1753.954459179171,690.0711176534048,2444.0255768325756
100.0,100.0,8.0,270.0,0.06,1753.954459179171,1467.1797424239994,3221.1342016031704
100.0,150.0,8.0,270.0,0.06,1753.954459179171,1737.5185067800955,3491.4729659592667
100.0,200.0,8.0,270.0,0.06,1753.954459179171,1753.7598294786408,3507.7142886578113
100.0,250.0,8.0,270.0,0.06,1753.954459179171,1753.9539485899902,3507.9084077691614
100.0,300.0,8.0,270.0,0.06,1753.954459179171,1753.9544588862104,3507.9089180653814
100.0,350.0,8.0,270.0,0.06,1753.954459179171,1753.9544591791357,3507.9089183583064
100.0,400.0,8.0,270.0,0.06,1753.954459179171,1753.954459179171,3507.908918358342
100.0,450.0,8.0,270.0,0.06,1753.954459179171,1753.954459179171,3507.908918358342
100.0,500.0,8.0,270.0,0.06,1753.954459179171,1753.954459179171,3507.908918358342
100.0,550.0,8.0,270.0,0.06,1753.954459179171,1753.954459179171,3507.908918358342
150.0,0.0,8.0,270.0,0.06,1753.954459179171,190.3078895991195,1944.2623487782905
150.0,50.0,8.0,270.0,0.06,1753.954459179171,707.4538836213917,2461.408342800563
150.0,100.0,8.0,270.0,0.06,1753.954459179171,1470.3519821428072,3224.306441321978
150.0,150.0,8.0,270.0,0.06,1753.954459179171,1736.8232746542749,3490.777733833446
150.0,200.0,8.0,270.0,0.06,1753.954459179171,1753.7327807726513,3507.687239951822
150.0,250.0,8.0,270.0,0.06,1753.954459179171,1753.9538028459083,3507.9082620250792
150.0,300.0,8.0,270.0,0.06,1753.954459179171,1753.954458740303,3507.908917919474
150.0,350.0,8.0,270.0,0.06,1753.954459179171,1753.9544591791055,3507.9089183582764
150.0,400.0,8.0,270.0,0.06,1753.954459179171,1753.954459179171,3507.908918358342
150.0,450.0,8.0,270.0,0.06,1753.954459179171,1753.954459179171,3507.908918358342
150.0,500.0,8.0,270.0,0.06,1753.954459179171,1753.954459179171,3507.908918358342
150.0,550.0,8.0,270.0,0.06,1753.954459179171,1753.954459179171,3507.908918358342
200.0,0.0,8.0,270.0,0.06,1753.954459179171,222.01345334299938,1975.9679125221703
200.0,50.0,8.0,270.0,0.06,1753.954459179171,721.8951176365531,2475.849576815724
200.0,100.0,8.0,270.0,0.06,1753.954459179171,1472.082713155454,3226.0371723346248
200.0,150.0,8.0,270.0,0.06,1753.954459179171,1736.0260614582837,3489.9805206374544
200.0,200.0,8.0,270.0,0.06,1753.954459179171,1753.701642665134,3507.6561018443053
200.0,250.0,8.0,270.0,0.06,1753.954459179171,1753.953617566448,3507.908076745619
200.0,300.0,8.0,270.0,0.06,1753.954459179171,1753.9544585264289,3507.9089177056
200.0,350.0,8.0,270.0,0.06,1753.954459179171,1753.9544591790543,3507.9089183582255
200.0,400.0,8.0,270.0,0.06,1753.954459179171,1753.954459179171,3507.908918358342
200.0,450.0,8.0,270.0,0.06,1753.954459179171,1753.954459179171,3507.908918358342
200.0,500.0,8.0,270.0,0.06,1753.954459179171,1753.954459179171,3507.908918358342
200.0,550.0,8.0,270.0,0.06,1753.954459179171,1753.954459179171,3507.908918358342
250.0,0.0,8.0,270.0,0.06,1753.954459179171,249.68027363075362,2003.6347328099246
250.0,50.0,8.0,270.0,0.06,1753.954459179171,734.4840024012904,2488.4384615804615
250.0,100.0,8.0,270.0,0.06,1753.954459179171,1472.9456656146608,3226.9001247938318
250.0,150.0,8.0,270.0,0.06,1753.954459179171,1735.1565114572522,3489.110970636423
250.0,200.0,8.0,270.0,0.06,1753.954459179171,1753.6663522088354,3507.6208113880066
250.0,250.0,8.0,270.0,0.06,1753.954459179171,1753.953384695248,3507.907843874419
250.0,300.0,8.0,270.0,0.06,1753.954459179171,1753.9544582169383,3507.9089173961092
250.0,350.0,8.0,270.0,0.06,1753.954459179171,1753.9544591789665,3507.9089183581373
250.0,400.0,8.0,270.0,0.06,1753.954459179171,1753.954459179171,3507.908918358342
250.0,450.0,8.0,270.0,0.06,1753.954459179171,1753.954459179171,3507.908918358342
250.0,500.0,8.0,270.0,0.06,1753.954459179171,1753.954459179171,3507.908918358342
250.0,550.0,8.0,270.0,0.06,1753.954459179171,1753.954459179171,3507.908918358342
300.0,0.0,8.0,270.0,0.06,1753.954459179171,274.4345520730248,2028.3890112521956
300.0,50.0,8.0,270.0,0.06,1753.954459179171,748.633609890369,2502.5880690695403
300.0,100.0,8.0,270.0,0.06,1753.954459179171,1473.2361614390525,3227.1906206182234
300.0,150.0,8.0,270.0,0.06,1753.954459179171,1734.2297289839112,3488.184188163082
300.0,200.0,8.0,270.0,0.06,1753.954459179171,1753.6267187342312,3507.5811779134024
300.0,250.0,8.0,270.0,0.06,1753.954459179171,1753.9530945586293,3507.9075537378008
300.0,300.0,8.0,270.0,0.06,1753.954459179171,1753.9544577742488,3507.90891695342
300.0,350.0,8.0,270.0,0.06,1753.954459179171,1753.9544591788167,3507.908918357988
300.0,400.0,8.0,270.0,0.06,1753.954459179171,1753.954459179171,3507.908918358342
300.0,450.0,8.0,270.0,0.06,1753.954459179171,1753.954459179171,3507.908918358342
300.0,500.0,8.0,270.0,0.06,1753.954459179171,1753.954459179171,3507.908918358342
300.0,550.0,8.0,270.0,0.06,1753.954459179171,1753.954459179171,3507.908918358342
350.0,0.0,8.0,270.0,0.06,1753.954459179171,296.9567588561977,2050.9112180353686
350.0,50.0,8.0,270.0,0.06,1753.954459179171,762.5806136454917,2516.5350728246626
350.0,100.0,8.0,270.0,0.06,1753.954459179171,1473.1280388683479,3227.0824980475186
350.0,150.0,8.0,270.0,0.06,1753.954459179171,1733.254696428401,3487.209155607572
350.0,200.0,8.0,270.0,0.06,1753.954459179171,1753.58249621514,3507.536955394311
350.0,250.0,8.0,270.0,0.06,1753.954459179171,1753.952735828924,3507.9071950080947
350.0,300.0,8.0,270.0,0.06,1753.954459179171,1753.9544571479478,3507.9089163271187
350.0,350.0,8.0,270.0,0.06,1753.954459179171,1753.9544591785668,3507.908918357738
350.0,400.0,8.0,270.0,0.06,1753.954459179171,1753.954459179171,3507.908918358342
350.0,450.0,8.0,270.0,0.06,1753.954459179171,1753.954459179171,3507.908918358342
350.0,500.0,8.0,270.0,0.06,1753.954459179171,1753.954459179171,3507.908918358342
350.0,550.0,8.0,270.0,0.06,1753.954459179171,1753.954459179171,3507.908918358342
400.0,0.0,8.0,270.0,0.06,1753.954459179171,317.69508319176583,2071.6495423709366
400.0,50.0,8.0,270.0,0.06,1753.954459179171,775.5386880057712,2529.493147184942
400.0,100.0,8.0,270.0,0.06,1753.954459179171,1472.732838906805,3226.6872980859757
400.0,150.0,8.0,270.0,0.06,1753.954459179171,1732.2373667701595,3486.1918259493305
400.0,200.0,8.0,270.0,0.06,1753.954459179171,1753.5334100047173,3507.487869183888
400.0,250.0,8.0,270.0,0.06,1753.954459179171,1753.9522954050915,3507.906754584262
400.0,300.0,8.0,270.0,0.06,1753.954459179171,1753.9544562711703,3507.9089154503413
400.0,350.0,8.0,270.0,0.06,1753.954459179171,1753.9544591781573,3507.9089183573287
400.0,400.0,8.0,270.0,0.06,1753.954459179171,1753.954459179171,3507.908918358342
400.0,450.0,8.0,270.0,0.06,1753.954459179171,1753.954459179171,3507.908918358342
400.0,500.0,8.0,270.0,0.06,1753.954459179171,1753.954459179171,3507.908918358342
400.0,550.0,8.0,270.0,0.06,1753.954459179171,1753.954459179171,3507.908918358342
450.0,0.0,8.0,270.0,0.06,1753.954459179171,336.9631924333755,2090.9176516125463
450.0,50.0,8.0,270.0,0.06,1753.954459179171,787.7080465692154,2541.6625057483866
450.0,100.0,8.0,270.0,0.06,1753.954459179171,1472.1265880407414,3226.0810472199123
450.0,150.0,8.0,270.0,0.06,1753.954459179171,1731.1820276923288,3485.1364868714995
450.0,200.0,8.0,270.0,0.06,1753.954459179171,1753.4791691427772,3507.433628321948
450.0,250.0,8.0,270.0,0.06,1753.954459179171,1753.9517582664007,3507.906217445572
450.0,300.0,8.0,270.0,0.06,1753.954459179171,1753.9544550561627,3507.908914235334
450.0,350.0,8.0,270.0,0.06,1753.954459179171,1753.954459177495,3507.9089183566657
450.0,400.0,8.0,270.0,0.06,1753.954459179171,1753.954459179171,3507.908918358342
450.0,450.0,8.0,270.0,0.06,1753.954459179171,1753.954459179171,3507.908918358342
450.0,500.0,8.0,270.0,0.06,1753.954459179171,1753.954459179171,3507.908918358342
450.0,550.0,8.0,270.0,0.06,1753.954459179171,1753.954459179171,3507.908918358342
500.0,0.0,8.0,270.0,0.06,1753.954459179171,354.99076412771217,2108.9452233068832
500.0,50.0,8.0,270.0,0.06,1753.954459179171,799.2320676845588,2553.18652686373
500.0,100.0,8.0,270.0,0.06,1753.954459179171,1471.3634786615917,3225.3179378407626
500.0,150.0,8.0,270.0,0.06,1753.954459179171,1730.091980661491,3484.0464398406625
500.0,200.0,8.0,270.0,0.06,1753.954459179171,1753.4194730781069,3507.373932257278
500.0,250.0,8.0,270.0,0.06,1753.954459179171,1753.9511073159008,3507.9055664950715
500.0,300.0,8.0,270.0,0.06,1753.954459179171,1753.9544533889125,3507.9089125680835
500.0,350.0,8.0,270.0,0.06,1753.954459179171,1753.9544591764366,3507.9089183556075
500.0,400.0,8.0,270.0,0.06,1753.954459179171,1753.954459179171,3507.908918358342
500.0,450.0,8.0,270.0,0.06,1753.954459179171,1753.954459179171,3507.908918358342
500.0,500.0,8.0,270.0,0.06,1753.954459179171,1753.954459179171,3507.908918358342
500.0,550.0,8.0,270.0,0.06,1753.954459179171,1753.954459179171,3507.908918358342
550.0,0.0,8.0,270.0,0.06,1753.954459179171,371.95198559081007,2125.9064447699807
550.0,50.0,8.0,270.0,0.06,1753.954459179171,810.2169585632952,2564.171417742466
550.0,100.0,8.0,270.0,0.06,1753.954459179171,1470.483494353567,3224.4379535327375
550.0,150.0,8.0,270.0,0.06,1753.954459179171,1728.969909451243,3482.924368630414
550.0,200.0,8.0,270.0,0.06,1753.954459179171,1753.3540159087408,3507.308475087912
550.0,250.0,8.0,270.0,0.06,1753.954459179171,1753.950323220703,3507.904782399874
550.0,300.0,8.0,270.0,0.06,1753.954459179171,1753.954451122715,3507.9089103018855
550.0,350.0,8.0,270.0,0.06,1753.954459179171,1753.9544591747715,3507.908918353942
550.0,400.0,8.0,270.0,0.06,1753.954459179171,1753.9544591791705,3507.9089183583415
550.0,450.0,8.0,270.0,0.06,1753.954459179171,1753.954459179171,3507.908918358342
550.0,500.0,8.0,270.0,0.06,1753.954459179171,1753.954459179171,3507.908918358342
550.0,550.0,8.0,270.0,0.06,1753.954459179171,1753.954459179171,3507.908918358342
600.0,0.0,8.0,270.0,0.06,1753.954459179171,398.52703681758726,2152.4814959967584
600.0,50.0,8.0,270.0,0.06,1753.954459179171,827.7515859569663,2581.7060451361367
600.0,100.0,8.0,270.0,0.06,1753.954459179171,1468.8141841276333,3222.768643306804
600.0,150.0,8.0,270.0,0.06,1753.954459179171,1727.0095532031214,3480.9640123822924
600.0,200.0,8.0,270.0,0.06,1753.954459179171,1753.2296035359313,3507.184062715102
600.0,250.0,8.0,270.0,0.06,1753.954459179171,1753.9486359249343,3507.903095104105
600.0,300.0,8.0,270.0,0.06,1753.954459179171,1753.954445394095,3507.9089045732658
600.0,350.0,8.0,270.0,0.06,1753.954459179171,1753.9544591696408,3507.9089183488118
600.0,400.0,8.0,270.0,0.06,1753.954459179171,1753.9544591791694,3507.90891835834
600.0,450.0,8.0,270.0,0.06,1753.954459179171,1753.954459179171,3507.908918358342
600.0,500.0,8.0,270.0,0.06,1753.954459179171,1753.954459179171,3507.908918358342
600.0,550.0,8.0,270.0,0.06,1753.954459179171,1753.954459179171,3507.908918358342
650.0,0.0,8.0,270.0,0.06,1753.954459179171,461.52128070292844,2215.4757398820993
650.0,50.0,8.0,270.0,0.06,1753.954459179171,858.1329710055517,2612.0874301847225
650.0,100.0,8.0,270.0,0.06,1753.954459179171,1465.3378704530676,3219.2923296322383
650.0,150.0,8.0,270.0,0.06,1753.954459179171,1723.119095560038,3477.0735547392087
650.0,200.0,8.0,270.0,0.06,1753.954459179171,1752.9431769335483,3506.8976361127193
650.0,250.0,8.0,270.0,0.06,1753.954459179171,1753.9438134172838,3507.8982725964547
650.0,300.0,8.0,270.0,0.06,1753.954459179171,1753.954423677438,3507.9088828566087
650.0,350.0,8.0,270.0,0.06,1753.954459179171,1753.9544591420124,3507.9089183211836
650.0,400.0,8.0,270.0,0.06,1753.954459179171,1753.9544591791594,3507.90891835833
650.0,450.0,8.0,270.0,0.06,1753.954459179171,1753.954459179171,3507.908918358342
650.0,500.0,8.0,270.0,0.06,1753.954459179171,1753.954459179171,3507.908918358342
650.0,550.0,8.0,270.0,0.06,1753.954459179171,1753.954459179171,3507.908918358342
700.0,0.0,8.0,270.0,0.06,1753.954459179171,518.7240617199409,2272.678520899112
700.0,50.0,8.0,270.0,0.06,1753.954459179171,885.9577617950289,2639.9122209742
700.0,100.0,8.0,270.0,0.06,1753.954459179171,1461.7574463678022,3215.7119055469734
700.0,150.0,8.0,270.0,0.06,1753.954459179171,1719.0119770564734,3472.966436235644
700.0,200.0,8.0,270.0,0.06,1753.954459179171,1752.5806593021446,3506.5351184813157
700.0,250.0,8.0,270.0,0.06,1753.954459179171,1753.9359386911046,3507.890397870275
700.0,300.0,8.0,270.0,0.06,1753.954459179171,1753.9543746578881,3507.9088338370593
700.0,350.0,8.0,270.0,0.06,1753.954459179171,1753.9544590498406,3507.9089182290118
700.0,400.0,8.0,270.0,0.06,1753.954459179171,1753.9544591791055,3507.9089183582764
700.0,450.0,8.0,270.0,0.06,1753.954459179171,1753.954459179171,3507.908918358342
700.0,500.0,8.0,270.0,0.06,1753.954459179171,1753.954459179171,3507.908918358342
700.0,550.0,8.0,270.0,0.06,1753.954459179171,1753.954459179171,3507.908918358342
750.0,0.0,8.0,270.0,0.06,1753.954459179171,569.4874503490362,2323.441909528207
750.0,50.0,8.0,270.0,0.06,1753.954459179171,911.8617216210581,2665.8161808002287
750.0,100.0,8.0,270.0,0.06,1753.954459179171,1458.363757591806,3212.318216770977
750.0,150.0,8.0,270.0,0.06,1753.954459179171,1714.7327820889807,3468.6872412681514
750.0,200.0,8.0,270.0,0.06,1753.954459179171,1752.1332836501667,3506.087742829338
750.0,250.0,8.0,270.0,0.06,1753.954459179171,1753.923653060886,3507.8781122400565
750.0,300.0,8.0,270.0,0.06,1753.954459179171,1753.9542716916708,3507.908730870842
750.0,350.0,8.0,270.0,0.06,1753.954459179171,1753.9544587726223,3507.9089179517932
750.0,400.0,8.0,270.0,0.06,1753.954459179171,1753.954459178859,3507.90891835803
750.0,450.0,8.0,270.0,0.06,1753.954459179171,1753.954459179171,3507.908918358342
750.0,500.0,8.0,270.0,0.06,1753.954459179171,1753.954459179171,3507.908918358342
750.0,550.0,8.0,270.0,0.06,1753.954459179171,1753.954459179171,3507.908918358342
800.0,0.0,8.0,270.0,0.06,1753.954459179171,615.0705887166782,2369.025047895849
800.0,50.0,8.0,270.0,0.06,1753.954459179171,936.2251642180122,2690.179623397183
800.0,100.0,8.0,270.0,0.06,1753.954459179171,1455.2472157580671,3209.201674937238
800.0,150.0,8.0,270.0,0.06,1753.954459179171,1710.3220408448228,3464.276500023994
800.0,200.0,8.0,270.0,0.06,1753.954459179171,1751.59341080572,3505.547869984891
800.0,250.0,8.0,270.0,0.06,1753.954459179171,1753.9052517175257,3507.859710896697
800.0,300.0,8.0,270.0,0.06,1753.954459179171,1753.9540689141145,3507.9085280932854
800.0,350.0,8.0,270.0,0.06,1753.954459179171,1753.9544580128754,3507.9089171920464
800.0,400.0,8.0,270.0,0.06,1753.954459179171,1753.9544591778656,3507.9089183570363
800.0,450.0,8.0,270.0,0.06,1753.954459179171,1753.954459179171,3507.908918358342
800.0,500.0,8.0,270.0,0.06,1753.954459179171,1753.954459179171,3507.908918358342
800.0,550.0,8.0,270.0,0.06,1753.954459179171,1753.954459179171,3507.908918358342
850.0,0.0,8.0,270.0,0.06,1753.954459179171,656.3627121904118,2410.3171713695824
850.0,50.0,8.0,270.0,0.06,1753.954459179171,959.2917323557014,2713.246191534872
850.0,100.0,8.0,270.0,0.06,1753.954459179171,1452.4553675688153,3206.4098267479867
850.0,150.0,8.0,270.0,0.06,1753.954459179171,1705.8173194468764,3459.771778626047
850.0,200.0,8.0,270.0,0.06,1753.954459179171,1750.9547887925312,3504.9092479717024
850.0,250.0,8.0,270.0,0.06,1753.954459179171,1753.8786789491178,3507.833138128289
850.0,300.0,8.0,270.0,0.06,1753.954459179171,1753.9536920136184,3507.908151192789
850.0,350.0,8.0,270.0,0.06,1753.954459179171,1753.9544560974457,3507.908915276617
850.0,400.0,8.0,270.0,0.06,1753.954459179171,1753.9544591742872,3507.908918353458
850.0,450.0,8.0,270.0,0.06,1753.954459179171,1753.9544591791687,3507.9089183583396
850.0,500.0,8.0,270.0,0.06,1753.954459179171,1753.954459179171,3507.908918358342
850.0,550.0,8.0,270.0,0.06,1753.954459179171,1753.954459179171,3507.908918358342
900.0,0.0,8.0,270.0,0.06,1753.954459179171,694.0230843771438,2447.9775435563147
900.0,50.0,8.0,270.0,0.06,1753.954459179171,981.2266338995838,2735.1810930787547
900.0,100.0,8.0,270.0,0.06,1753.954459179171,1450.030495315695,3203.9849544948656
900.0,150.0,8.0,270.0,0.06,1753.954459179171,1701.374733749211,3455.329192928382
900.0,200.0,8.0,270.0,0.06,1753.954459179171,1750.2127240567606,3504.167183235931
900.0,250.0,8.0,270.0,0.06,1753.954459179171,1753.841543680207,3507.7960028593784
900.0,300.0,8.0,270.0,0.06,1753.954459179171,1753.9530269493107,3507.9074861284817
900.0,350.0,8.0,270.0,0.06,1753.954459179171,1753.9544516176022,3507.908910796773
900.0,400.0,8.0,270.0,0.06,1753.954459179171,1753.9544591626527,3507.9089183418237
900.0,450.0,8.0,270.0,0.06,1753.954459179171,1753.954459179157,3507.908918358328
900.0,500.0,8.0,270.0,0.06,1753.954459179171,1753.954459179171,3507.908918358342
900.0,550.0,8.0,270.0,0.06,1753.954459179171,1753.954459179171,3507.908918358342
950.0,0.0,8.0,270.0,0.06,1753.954459179171,728.5589185969684,2482.5133777761394
950.0,50.0,8.0,270.0,0.06,1753.954459179171,1002.1477093866179,2756.102168565789
950.0,100.0,8.0,270.0,0.06,1753.954459179171,1447.9943330147908,3201.9487921939613
950.0,150.0,8.0,270.0,0.06,1753.954459179171,1696.9077422081227,3450.8622013872937
950.0,200.0,8.0,270.0,0.06,1753.954459179171,1749.3641714545358,3503.3186306337066
950.0,250.0,8.0,270.0,0.06,1753.954459179171,1753.7911548983989,3507.74561407757
950.0,300.0,8.0,270.0,0.06,1753.954459179171,1753.9519070405145,3507.9063662196854
950.0,350.0,8.0,270.0,0.06,1753.954459179171,1753.95444182538,3507.908901004551
950.0,400.0,8.0,270.0,0.06,1753.954459179171,1753.954459128141,3507.908918307312
950.0,450.0,8.0,270.0,0.06,1753.954459179171,1753.954459179107,3507.908918358278
950.0,500.0,8.0,270.0,0.06,1753.954459179171,1753.954459179171,3507.908918358342
950.0,550.0,8.0,270.0,0.06,1753.954459179171,1753.954459179171,3507.908918358342
1000.0,0.0,8.0,270.0,0.06,1753.954459179171,768.2851651161002,2522.239624295271
1000.0,50.0,8.0,270.0,0.06,1753.954459179171,1022.1430480445102,2776.097507223681
1000.0,100.0,8.0,270.0,0.06,1753.954459179171,1446.354851709445,3200.309310888616
1000.0,150.0,8.0,270.0,0.06,1753.954459179171,1692.4437145892498,3446.3981737684207
1000.0,200.0,8.0,270.0,0.06,1753.954459179171,1748.4077524663348,3502.3622116455053
1000.0,250.0,8.0,270.0,0.06,1753.954459179171,1753.7245747558354,3507.6790339350064
1000.0,300.0,8.0,270.0,0.06,1753.954459179171,1753.950099139252,3507.904558318423
1000.0,350.0,8.0,270.0,0.06,1753.954459179171,1753.954421689358,3507.908880868529
1000.0,400.0,8.0,270.0,0.06,1753.954459179171,1753.9544590339246,3507.9089182130956
1000.0,450.0,8.0,270.0,0.06,1753.954459179171,1753.954459178919,3507.90891835809
1000.0,500.0,8.0,270.0,0.06,1753.954459179171,1753.954459179171,3507.908918358342
1000.0,550.0,8.0,270.0,0.06,1753.954459179171,1753.954459179171,3507.908918358342
1050.0,0.0,8.0,270.0,0.06,1753.954459179171,807.9179664047995,2561.87242558397
1050.0,50.0,8.0,270.0,0.06,1753.954459179171,1041.2814398773276,2795.2358990564985
1050.0,100.0,8.0,270.0,0.06,1753.954459179171,1445.110516825744,3199.0649760049155
1050.0,150.0,8.0,270.0,0.06,1753.954459179171,1688.0090800376825,3441.963539216854
1050.0,200.0,8.0,270.0,0.06,1753.954459179171,1747.3437130980612,3501.298172277232
1050.0,250.0,8.0,270.0,0.06,1753.954459179171,1753.6386858116437,3507.593144990815
1050.0,300.0,8.0,270.0,0.06,1753.954459179171,1753.9472898146178,3507.9017489937887
1050.0,350.0,8.0,270.0,0.06,1753.954459179171,1753.9543825091596,3507.90884168833
1050.0,400.0,8.0,270.0,0.06,1753.954459179171,1753.954458795356,3507.908917974527
1050.0,450.0,8.0,270.0,0.06,1753.954459179171,1753.9544591782753,3507.9089183574465
1050.0,500.0,8.0,270.0,0.06,1753.954459179171,1753.9544591791705,3507.9089183583415
1050.0,550.0,8.0,270.0,0.06,1753.954459179171,1753.954459179171,3507.908918358342
1100.0,0.0,8.0,270.0,0.06,1753.954459179171,844.6832179150193,2598.63767709419
1100.0,50.0,8.0,270.0,0.06,1753.954459179171,1059.618794506387,2813.573253685558
1100.0,100.0,8.0,270.0,0.06,1753.954459179171,1444.253110921752,3198.207570100923
1100.0,150.0,8.0,270.0,0.06,1753.954459179171,1683.6277459529917,3437.5822051321625
1100.0,200.0,8.0,270.0,0.06,1753.954459179171,1746.1738337393563,3500.1282929185277
1100.0,250.0,8.0,270.0,0.06,1753.954459179171,1753.5302680938755,3507.4847272730467
1100.0,300.0,8.0,270.0,0.06,1753.954459179171,1753.9430725951584,3507.897531774329
1100.0,350.0,8.0,270.0,0.06,1753.954459179171,1753.9543099984262,3507.908769177597
1100.0,400.0,8.0,270.0,0.06,1753.954459179171,1753.9544582311148,3507.9089174102855
1100.0,450.0,8.0,270.0,0.06,1753.954459179171,1753.9544591762606,3507.9089183554315
1100.0,500.0,8.0,270.0,0.06,1753.954459179171,1753.9544591791669,3507.9089183583383
1100.0,550.0,8.0,270.0,0.06,1753.954459179171,1753.954459179171,3507.908918358342
1150.0,0.0,8.0,270.0,0.06,1753.954459179171,878.8848086023131,2632.839267781484
1150.0,50.0,8.0,270.0,0.06,1753.954459179171,1077.2021895194182,2831.156648698589
1150.0,100.0,8.0,270.0,0.06,1753.954459179171,1443.76969426222,3197.724153441391
1150.0,150.0,8.0,270.0,0.06,1753.954459179171,1679.3211298705066,3433.2755890496774
1150.0,200.0,8.0,270.0,0.06,1753.954459179171,1744.9013030211042,3498.8557622002754
1150.0,250.0,8.0,270.0,0.06,1753.954459179171,1753.3960813859103,3507.350540565081
1150.0,300.0,8.0,270.0,0.06,1753.954459179171,1753.9369373171926,3507.8913964963635
1150.0,350.0,8.0,270.0,0.06,1753.954459179171,1753.9541817729896,3507.9086409521606
1150.0,400.0,8.0,270.0,0.06,1753.954459179171,1753.9544569769039,3507.908916156075
1150.0,450.0,8.0,270.0,0.06,1753.954459179171,1753.954459170439,3507.90891834961
1150.0,500.0,8.0,270.0,0.06,1753.954459179171,1753.9544591791541,3507.908918358325
1150.0,550.0,8.0,270.0,0.06,1753.954459179171,1753.954459179171,3507.908918358342
1200.0,0.0,8.0,270.0,0.06,1753.954459179171,910.7809228918352,2664.735382071006
1200.0,50.0,8.0,270.0,0.06,1753.954459179171,1094.0724779213792,2848.02693710055
1200.0,100.0,8.0,270.0,0.06,1753.954459179171,1443.6440193816848,3197.5984785608557
1200.0,150.0,8.0,270.0,0.06,1753.954459179171,1675.1082157947098,3429.062674973881
1200.0,200.0,8.0,270.0,0.06,1753.954459179171,1743.5305667611506,3497.4850259403215
1200.0,250.0,8.0,270.0,0.06,1753.954459179171,1753.232948301093,3507.187407480264
1200.0,300.0,8.0,270.0,0.06,1753.954459179171,1753.9282625178776,3507.8827216970485
1200.0,350.0,8.0,270.0,0.06,1753.954459179171,1753.9539642234597,3507.908423402631
1200.0,400.0,8.0,270.0,0.06,1753.954459179171,1753.954454342197,3507.908913521368
1200.0,450.0,8.0,270.0,0.06,1753.954459179171,1753.95445915482,3507.9089183339906
1200.0,500.0,8.0,270.0,0.06,1753.954459179171,1753.9544591791082,3507.9089183582796
1200.0,550.0,8.0,270.0,0.06,1753.954459179171,1753.954459179171,3507.908918358342
1250.0,0.0,8.0,270.0,0.06,1753.954459179171,940.5933009273924,2694.5477601065636
1250.0,50.0,8.0,270.0,0.06,1753.954459179171,1110.2659962627663,2864.220455441937
1250.0,100.0,8.0,270.0,0.06,1753.954459179171,1443.8575825424286,3197.8120417215996
1250.0,150.0,8.0,270.0,0.06,1753.954459179171,1671.0056320440865,3424.9600912232577
1250.0,200.0,8.0,270.0,0.06,1753.954459179171,1742.0671617159521,3496.0216208951233
1250.0,250.0,8.0,270.0,0.06,1753.954459179171,1753.0378341882947,3506.9922933674657
1250.0,300.0,8.0,270.0,0.06,1753.954459179171,1753.9163116123445,3507.8707707915155
1250.0,350.0,8.0,270.0,0.06,1753.954459179171,1753.953608805683,3507.908067984854
1250.0,400.0,8.0,270.0,0.06,1753.954459179171,1753.9544490857156,3507.9089082648866
1250.0,450.0,8.0,270.0,0.06,1753.954459179171,1753.9544591156364,3507.908918294807
1250.0,500.0,8.0,270.0,0.06,1753.954459179171,1753.9544591789602,3507.9089183581314
1250.0,550.0,8.0,270.0,0.06,1753.954459179171,1753.954459179171,3507.908918358342
1300.0,0.0,8.0,270.0,0.06,1753.954459179171,968.5141426693218,2722.4686018484927
1300.0,50.0,8.0,270.0,0.06,1753.954459179171,1125.8156996586915,2879.7701588378623
1300.0,100.0,8.0,270.0,0.06,1753.954459179171,1444.3904225148578,3198.344881694029
1300.0,150.0,8.0,270.0,0.06,1753.954459179171,1667.0277470152935,3420.982206194464
1300.0,200.0,8.0,270.0,0.06,1753.954459179171,1740.5175423087887,3494.4720014879595
1300.0,250.0,8.0,270.0,0.06,1753.954459179171,1752.8079205927081,3506.762379771879
1300.0,300.0,8.0,270.0,0.06,1753.954459179171,1753.9002333344865,3507.854692513658
1300.0,350.0,8.0,270.0,0.06,1753.954459179171,1753.9530478422619,3507.9075070214326
1300.0,400.0,8.0,270.0,0.06,1753.954459179171,1753.9544390815815,3507.9088982607527
1300.0,450.0,8.0,270.0,0.06,1753.954459179171,1753.9544590232151,3507.9089182023863
1300.0,500.0,8.0,270.0,0.06,1753.954459179171,1753.9544591785134,3507.9089183576843
1300.0,550.0,8.0,270.0,0.06,1753.954459179171,1753.9544591791698,3507.908918358341
1350.0,0.0,8.0,270.0,0.06,1753.954459179171,994.7113632253252,2748.665822404496
1350.0,50.0,8.0,270.0,0.06,1753.954459179171,1140.7519255740863,2894.706384753257
1350.0,100.0,8.0,270.0,0.06,1753.954459179171,1445.221736177573,3199.176195356744
1350.0,150.0,8.0,270.0,0.06,1753.954459179171,1663.186779298891,3417.141238478062
1350.0,200.0,8.0,270.0,0.06,1753.954459179171,1738.8889069519357,3492.8433661311064
1350.0,250.0,8.0,270.0,0.06,1753.954459179171,1752.540669775139,3506.49512895431
1350.0,300.0,8.0,270.0,0.06,1753.954459179171,1753.8790666343,3507.8335258134707
1350.0,350.0,8.0,270.0,0.06,1753.954459179171,1753.9521899865847,3507.9066491657554
1350.0,400.0,8.0,270.0,0.06,1753.954459179171,1753.9544208464692,3507.90888002564
1350.0,450.0,8.0,270.0,0.06,1753.954459179171,1753.9544588171864,3507.908917996357
1350.0,500.0,8.0,270.0,0.06,1753.954459179171,1753.9544591772656,3507.9089183564365
1350.0,550.0,8.0,270.0,0.06,1753.954459179171,1753.9544591791657,3507.9089183583365
1400.0,0.0,8.0,270.0,0.06,1753.954459179171,1019.3326667894032,2773.287125968574
1400.0,50.0,8.0,270.0,0.06,1753.954459179171,1155.1029140718815,2909.0573732510525
1400.0,100.0,8.0,270.0,0.06,1753.954459179171,1446.3303565482365,3200.284815727407
1400.0,150.0,8.0,270.0,0.06,1753.954459179171,1659.4929188318845,3413.447378011055
1400.0,200.0,8.0,270.0,0.06,1753.954459179171,1737.189029127032,3491.143488306203
1400.0,250.0,8.0,270.0,0.06,1753.954459179171,1752.2338785843367,3506.1883377635077
1400.0,300.0,8.0,270.0,0.06,1753.954459179171,1753.8517499421666,3507.806209121338
1400.0,350.0,8.0,270.0,0.06,1753.954459179171,1753.950915550354,3507.9053747295247
1400.0,400.0,8.0,270.0,0.06,1753.954459179171,1753.9543888994508,3507.9088480786218
1400.0,450.0,8.0,270.0,0.06,1753.954459179171,1753.9544583811016,3507.908917560273
1400.0,500.0,8.0,270.0,0.06,1753.954459179171,1753.9544591739966,3507.9089183531673
1400.0,550.0,8.0,270.0,0.06,1753.954459179171,1753.9544591791525,3507.9089183583233
1450.0,0.0,8.0,270.0,0.06,1753.954459179171,1042.5087560871884,2796.463215266359
1450.0,50.0,8.0,270.0,0.06,1753.954459179171,1168.8951667405238,2922.849625919695
1450.0,100.0,8.0,270.0,0.06,1753.954459179171,1447.6951244816712,3201.649583660842
1450.0,150.0,8.0,270.0,0.06,1753.954459179171,1655.9544560792463,3409.908915258417
1450.0,200.0,8.0,270.0,0.06,1753.954459179171,1735.426097091955,3489.3805562711254
1450.0,250.0,8.0,270.0,0.06,1753.954459179171,1751.8857207190708,3505.8401798982413
1450.0,300.0,8.0,270.0,0.06,1753.954459179171,1753.8171344571488,3507.77159363632
1450.0,350.0,8.0,270.0,0.06,1753.954459179171,1753.949071930862,3507.903531110033
1450.0,400.0,8.0,270.0,0.06,1753.954459179171,1753.9543349310516,3507.9087941102225
1450.0,450.0,8.0,270.0,0.06,1753.954459179171,1753.9544575010284,3507.908916680199
1450.0,500.0,8.0,270.0,0.06,1753.954459179171,1753.9544591659344,3507.9089183451056
1450.0,550.0,8.0,270.0,0.06,1753.954459179171,1753.9544591791107,3507.9089183582814
1500.0,0.0,8.0,270.0,0.06,1753.954459179171,1064.355897210697,2818.310356389868
1500.0,50.0,8.0,270.0,0.06,1753.954459179171,1182.153697989097,2936.108157168268
1500.0,100.0,8.0,270.0,0.06,1753.954459179171,1449.2951763477054,3203.249635526876
1500.0,150.0,8.0,270.0,0.06,1753.954459179171,1652.5779165391057,3406.5323757182764
1500.0,200.0,8.0,270.0,0.06,1753.954459179171,1733.6085649668526,3487.563024146023
1500.0,250.0,8.0,270.0,0.06,1753.954459179171,1751.4947770700924,3505.4492362492633
1500.0,300.0,8.0,270.0,0.06,1753.954459179171,1753.7740009098227,3507.7284600889934
1500.0,350.0,8.0,270.0,0.06,1753.954459179171,1753.9464693914435,3507.9009285706143
1500.0,400.0,8.0,270.0,0.06,1753.954459179171,1753.954246766558,3507.9087059457293
1500.0,450.0,8.0,270.0,0.06,1753.954459179171,1753.954455801196,3507.9089149803667
1500.0,500.0,8.0,270.0,0.06,1753.954459179171,1753.954459147125,3507.908918326296
1500.0,550.0,8.0,270.0,0.06,1753.954459179171,1753.9544591789904,3507.908918358161
1550.0,0.0,8.0,270.0,0.06,1753.954459179171,1084.9779956027319,2838.932454781903
1550.0,50.0,8.0,270.0,0.06,1753.954459179171,1196.1237996709258,2950.0782588500965
1550.0,100.0,8.0,270.0,0.06,1753.954459179171,1451.1101642726437,3205.0646234518144
1550.0,150.0,8.0,270.0,0.06,1753.954459179171,1649.368198152297,3403.322657331468
1550.0,200.0,8.0,270.0,0.06,1753.954459179171,1731.7450170178479,3485.6994761970186
1550.0,250.0,8.0,270.0,0.06,1753.954459179171,1751.0600543758721,3505.0145135550433
1550.0,300.0,8.0,270.0,0.06,1753.954459179171,1753.7210790999468,3507.675538279118
1550.0,350.0,8.0,270.0,0.06,1753.954459179171,1753.9428774462833,3507.897336625454
1550.0,400.0,8.0,270.0,0.06,1753.954459179171,1753.9541071202698,3507.9085662994403
1550.0,450.0,8.0,270.0,0.06,1753.954459179171,1753.9544526482764,3507.9089118274474
1550.0,500.0,8.0,270.0,0.06,1753.954459179171,1753.9544591054369,3507.9089182846083
1550.0,550.0,8.0,270.0,0.06,1753.954459179171,1753.9544591786657,3507.9089183578367
1600.0,0.0,8.0,270.0,0.06,1753.954459179171,1104.468295611809,2858.42275479098
1600.0,50.0,8.0,270.0,0.06,1753.954459179171,1210.3237632741962,2964.278222453367
1600.0,100.0,8.0,270.0,0.06,1753.954459179171,1453.1204217114125,3207.0748808905837
1600.0,150.0,8.0,270.0,0.06,1753.954459179171,1646.3287094694606,3400.283168648631
1600.0,200.0,8.0,270.0,0.06,1753.954459179171,1729.8440461926605,3483.798505371831
1600.0,250.0,8.0,270.0,0.06,1753.954459179171,1750.5809928531298,3504.535452032301
1600.0,300.0,8.0,270.0,0.06,1753.954459179171,1753.6570694178922,3507.611528597063
1600.0,350.0,8.0,270.0,0.06,1753.954459179171,1753.9380220798928,3507.892481259064
1600.0,400.0,8.0,270.0,0.06,1753.954459179171,1753.9538921515264,3507.9083513306973
1600.0,450.0,8.0,270.0,0.06,1753.954459179171,1753.9544470147564,3507.9089061939276
1600.0,500.0,8.0,270.0,0.06,1753.954459179171,1753.9544590173175,3507.9089181964882
1600.0,550.0,8.0,270.0,0.06,1753.954459179171,1753.9544591778383,3507.908918357009
1650.0,0.0,8.0,270.0,0.06,1753.954459179171,1122.9107861490604,2876.865245328231
1650.0,50.0,8.0,270.0,0.06,1753.954459179171,1223.9839915544012,2977.938450733572
1650.0,100.0,8.0,270.0,0.06,1753.954459179171,1455.3070844687502,3209.2615436479214
1650.0,150.0,8.0,270.0,0.06,1753.954459179171,1643.4615066931044,3397.4159658722756
1650.0,200.0,8.0,270.0,0.06,1753.954459179171,1727.9141473505958,3481.8686065297666
1650.0,250.0,8.0,270.0,0.06,1753.954459179171,1750.0574637770574,3504.0119229562283
1650.0,300.0,8.0,270.0,0.06,1753.954459179171,1753.5806655234007,3507.535124702572
1650.0,350.0,8.0,270.0,0.06,1753.954459179171,1753.9315839948367,3507.8860431740077
1650.0,400.0,8.0,270.0,0.06,1753.954459179171,1753.953569848617,3507.908029027788
1650.0,450.0,8.0,270.0,0.06,1753.954459179171,1753.954437291227,3507.908896470398
1650.0,500.0,8.0,270.0,0.06,1753.954459179171,1753.9544588390413,3507.9089180182127
1650.0,550.0,8.0,270.0,0.06,1753.954459179171,1753.9544591758406,3507.9089183550113
1700.0,0.0,8.0,270.0,0.06,1753.954459179171,1140.3813739830684,2894.3358331622394
1700.0,50.0,8.0,270.0,0.06,1753.954459179171,1237.1281626563339,2991.0826218355046
1700.0,100.0,8.0,270.0,0.06,1753.954459179171,1457.6521753696757,3211.6066345488466
1700.0,150.0,8.0,270.0,0.06,1753.954459179171,1640.8035494407516,3394.7580086199223
1700.0,200.0,8.0,270.0,0.06,1753.954459179171,1725.96362514999,3479.918084329161
1700.0,250.0,8.0,270.0,0.06,1753.954459179171,1749.4897581965008,3503.4442173756715
1700.0,300.0,8.0,270.0,0.06,1753.954459179171,1753.4905773689827,3507.4450365481534
1700.0,350.0,8.0,270.0,0.06,1753.954459179171,1753.9231980324712,3507.8776572116417
1700.0,400.0,8.0,270.0,0.06,1753.954459179171,1753.9530982818312,3507.907557461002
1700.0,450.0,8.0,270.0,0.06,1753.954459179171,1753.9544210375568,3507.908880216728
1700.0,500.0,8.0,270.0,0.06,1753.954459179171,1753.9544584927328,3507.908917671904
1700.0,550.0,8.0,270.0,0.06,1753.954459179171,1753.954459171254,3507.9089183504248
1750.0,0.0,8.0,270.0,0.06,1753.954459179171,1156.9488712109712,2910.9033303901424
1750.0,50.0,8.0,270.0,0.06,1753.954459179171,1250.0224069046517,3003.9768660838226
1750.0,100.0,8.0,270.0,0.06,1753.954459179171,1460.1386593314808,3214.0931185106515
1750.0,150.0,8.0,270.0,0.06,1753.954459179171,1638.3501612391267,3392.3046204182974
1750.0,200.0,8.0,270.0,0.06,1753.954459179171,1724.0005161898791,3477.9549753690503
1750.0,250.0,8.0,270.0,0.06,1753.954459179171,1748.878568089633,3502.8330272688036
1750.0,300.0,8.0,270.0,0.06,1753.954459179171,1753.3855538091238,3507.3400129882943
1750.0,350.0,8.0,270.0,0.06,1753.954459179171,1753.9124538552205,3507.8669130343915
1750.0,400.0,8.0,270.0,0.06,1753.954459179171,1753.9524237805529,3507.9068829597236
1750.0,450.0,8.0,270.0,0.06,1753.954459179171,1753.9543946639644,3507.908853843135
1750.0,500.0,8.0,270.0,0.06,1753.954459179171,1753.954457844904,3507.908917024075
1750.0,550.0,8.0,270.0,0.06,1753.954459179171,1753.954459161201,3507.908918340372
1800.0,0.0,8.0,270.0,0.06,1753.954459179171,1172.675832564442,2926.630291743613
1800.0,50.0,8.0,270.0,0.06,1753.954459179171,1262.4827873561073,3016.437246535278
1800.0,100.0,8.0,270.0,0.06,1753.954459179171,1462.8038759403676,3216.7583351195385
1800.0,150.0,8.0,270.0,0.06,1753.954459179171,1636.063817265869,3390.0182764450396
1800.0,200.0,8.0,270.0,0.06,1753.954459179171,1722.032524731147,3475.986983910318
1800.0,250.0,8.0,270.0,0.06,1753.954459179171,1748.2249613108227,3502.179420489994
1800.0,300.0,8.0,270.0,0.06,1753.954459179171,1753.2644041203912,3507.218863299562
1800.0,350.0,8.0,270.0,0.06,1753.954459179171,1753.8988979198384,3507.8533570990094
1800.0,400.0,8.0,270.0,0.06,1753.954459179171,1753.9514791002,3507.9059382793707
1800.0,450.0,8.0,270.0,0.06,1753.954459179171,1753.954353034983,3507.908812214154
1800.0,500.0,8.0,270.0,0.06,1753.954459179171,1753.9544566747597,3507.9089158539305
1800.0,550.0,8.0,270.0,0.06,1753.954459179171,1753.9544591401018,3507.9089183192727
1850.0,0.0,8.0,270.0,0.06,1753.954459179171,1187.689146151666,2941.643605330837
1850.0,50.0,8.0,270.0,0.06,1753.954459179171,1274.48138015205,3028.435839331221
1850.0,100.0,8.0,270.0,0.06,1753.954459179171,1465.5968786354101,3219.551337814581
1850.0,150.0,8.0,270.0,0.06,1753.954459179171,1633.942516017376,3387.896975196547
1850.0,200.0,8.0,270.0,0.06,1753.954459179171,1720.0669711296923,3474.0214303088637
1850.0,250.0,8.0,270.0,0.06,1753.954459179171,1747.5303516645154,3501.484810843687
1850.0,300.0,8.0,270.0,0.06,1753.954459179171,1753.1260178616603,3507.080477040831
1850.0,350.0,8.0,270.0,0.06,1753.954459179171,1753.88203671338,3507.836495892551
1850.0,400.0,8.0,270.0,0.06,1753.954459179171,1753.9501816521363,3507.9046408313075
1850.0,450.0,8.0,270.0,0.06,1753.954459179171,1753.9542889923166,3507.908748171488
1850.0,500.0,8.0,270.0,0.06,1753.954459179171,1753.9544546289585,3507.90891380813
1850.0,550.0,8.0,270.0,0.06,1753.954459179171,1753.9544590975686,3507.9089182767393
1900.0,0.0,8.0,270.0,0.06,1753.954459179171,1204.1485992604328,2958.103058439604
1900.0,50.0,8.0,270.0,0.06,1753.954459179171,1286.0382695719254,3039.9927287510964
1900.0,100.0,8.0,270.0,0.06,1753.954459179171,1468.4885459143711,3222.443005093542
1900.0,150.0,8.0,270.0,0.06,1753.954459179171,1631.983543537052,3385.938002716223
1900.0,200.0,8.0,270.0,0.06,1753.954459179171,1718.1107519860245,3472.0652111651953
1900.0,250.0,8.0,270.0,0.06,1753.954459179171,1746.796465381216,3500.7509245603865
1900.0,300.0,8.0,270.0,0.06,1753.954459179171,1752.9693826189355,3506.9238417981064
1900.0,350.0,8.0,270.0,0.06,1753.954459179171,1753.861341170857,3507.815800350028
1900.0,400.0,8.0,270.0,0.06,1753.954459179171,1753.948431872743,3507.9028910519137
1900.0,450.0,8.0,270.0,0.06,1753.954459179171,1753.9541927963369,3507.908651975508
1900.0,500.0,8.0,270.0,0.06,1753.954459179171,1753.954451159181,3507.908910338352
1900.0,550.0,8.0,270.0,0.06,1753.954459179171,1753.9544590149856,3507.9089181941563
1950.0,0.0,8.0,270.0,0.06,1753.954459179171,1219.8161699077414,2973.770629086913
1950.0,50.0,8.0,270.0,0.06,1753.954459179171,1297.306327245574,3051.2607864247448
1950.0,100.0,8.0,270.0,0.06,1753.954459179171,1471.4654061116137,3225.4198652907844
1950.0,150.0,8.0,270.0,0.06,1753.954459179171,1630.1835753349578,3384.138034514129
1950.0,200.0,8.0,270.0,0.06,1753.954459179171,1716.1703109401574,3470.124770119328
1950.0,250.0,8.0,270.0,0.06,1753.954459179171,1746.0253051768366,3499.9797643560078
1950.0,300.0,8.0,270.0,0.06,1753.954459179171,1752.7935992977766,3506.7480584769473
1950.0,350.0,8.0,270.0,0.06,1753.954459179171,1753.8362521483555,3507.7907113275264
1950.0,400.0,8.0,270.0,0.06,1753.954459179171,1753.9461118066051,3507.9005709857765
1950.0,450.0,8.0,270.0,0.06,1753.954459179171,1753.9540514903658,3507.908510669537
1950.0,500.0,8.0,270.0,0.06,1753.954459179171,1753.9544454385593,3507.9089046177305
1950.0,550.0,8.0,270.0,0.06,1753.954459179171,1753.9544588601584,3507.9089180393294
2000.0,0.0,8.0,270.0,0.06,1753.954459179171,1234.7425236102822,2988.696982789453
2000.0,50.0,8.0,270.0,0.06,1753.954459179171,1308.3446851519286,3062.2991443310993
2000.0,100.0,8.0,270.0,0.06,1753.954459179171,1474.5149531649167,3228.4694123440877
2000.0,150.0,8.0,270.0,0.06,1753.954459179171,1628.5387709630857,3382.4932301422564
2000.0,200.0,8.0,270.0,0.06,1753.954459179171,1714.2516190072652,3468.206078186436
2000.0,250.0,8.0,270.0,0.06,1753.954459179171,1745.2191129607909,3499.173572139962
2000.0,300.0,8.0,270.0,0.06,1753.954459179171,1752.5978947418791,3506.5523539210503
2000.0,350.0,8.0,270.0,0.06,1753.954459179171,1753.8061867896067,3507.7606459687777
2000.0,400.0,8.0,270.0,0.06,1753.954459179171,1753.9430839733589,3507.8975431525296
2000.0,450.0,8.0,270.0,0.06,1753.954459179171,1753.9538481965906,3507.9083073757615
2000.0,500.0,8.0,270.0,0.06,1753.954459179171,1753.9544362530385,3507.9088954322096
2000.0,550.0,8.0,270.0,0.06,1753.954459179171,1753.9544585792273,3507.9089177583983
2050.0,0.0,8.0,270.0,0.06,1753.954459179171,1249.1991701896875,3003.153629368858
2050.0,50.0,8.0,270.0,0.06,1753.954459179171,1318.9851327019167,3072.9395918810874
2050.0,100.0,8.0,270.0,0.06,1753.954459179171,1477.6256139913794,3231.5800731705503
2050.0,150.0,8.0,270.0,0.06,1753.954459179171,1627.0448611268168,3380.9993203059876
2050.0,200.0,8.0,270.0,0.06,1753.954459179171,1712.3601633494825,3466.3146225286537
2050.0,250.0,8.0,270.0,0.06,1753.954459179171,1744.3803321295875,3498.334791308758
2050.0,300.0,8.0,270.0,0.06,1753.954459179171,1752.3816315639745,3506.3360907431456
2050.0,350.0,8.0,270.0,0.06,1753.954459179171,1753.7705455983773,3507.725004777548
2050.0,400.0,8.0,270.0,0.06,1753.954459179171,1753.9391905785967,3507.8936497577674
2050.0,450.0,8.0,270.0,0.06,1753.954459179171,1753.9535613571347,3507.9080205363052
2050.0,500.0,8.0,270.0,0.06,1753.954459179171,1753.9544218639642,3507.9088810431354
2050.0,550.0,8.0,270.0,0.06,1753.954459179171,1753.954458084831,3507.908917264002
2100.0,0.0,8.0,270.0,0.06,1753.954459179171,1263.093110739332,3017.047569918503
2100.0,50.0,8.0,270.0,0.06,1753.954459179171,1329.2447927072342,3083.199251886405
2100.0,100.0,8.0,270.0,0.06,1753.954459179171,1480.7867106707342,3234.741169849905
2100.0,150.0,8.0,270.0,0.06,1753.954459179171,1625.6972273469678,3379.6516865261387
2100.0,200.0,8.0,270.0,0.06,1753.954459179171,1710.5009434050173,3464.455402584188
2100.0,250.0,8.0,270.0,0.06,1753.954459179171,1743.5115702487712,3497.466029427942
2100.0,300.0,8.0,270.0,0.06,1753.954459179171,1752.1443151716012,3506.098774350772
2100.0,350.0,8.0,270.0,0.06,1753.954459179171,1753.7287200137991,3507.68317919297
2100.0,400.0,8.0,270.0,0.06,1753.954459179171,1753.9342531171992,3507.8887122963706
2100.0,450.0,8.0,270.0,0.06,1753.954459179171,1753.953163938176,3507.9076231173467
2100.0,500.0,8.0,270.0,0.06,1753.954459179171,1753.9543998387617,3507.9088590179326
2100.0,550.0,8.0,270.0,0.06,1753.954459179171,1753.954457239313,3507.9089164184834
2150.0,0.0,8.0,270.0,0.06,1753.954459179171,1276.360682750431,3030.315141929602
2150.0,50.0,8.0,270.0,0.06,1753.954459179171,1339.1399962859853,3093.094455465156
2150.0,100.0,8.0,270.0,0.06,1753.954459179171,1483.9884190456762,3237.942878224847
2150.0,150.0,8.0,270.0,0.06,1753.954459179171,1624.490974298799,3378.44543347797
2150.0,200.0,8.0,270.0,0.06,1753.954459179171,1708.6784733409334,3462.6329325201045
2150.0,250.0,8.0,270.0,0.06,1753.954459179171,1742.615562792798,3496.570021971969
2150.0,300.0,8.0,270.0,0.06,1753.954459179171,1751.8855980532346,3505.8400572324053
2150.0,350.0,8.0,270.0,0.06,1753.954459179171,1753.6801002802729,3507.6345594594436
2150.0,400.0,8.0,270.0,0.06,1753.954459179171,1753.9280724032867,3507.882531582458
2150.0,450.0,8.0,270.0,0.06,1753.954459179171,1753.9526226186888,3507.9070817978595
2150.0,500.0,8.0,270.0,0.06,1753.954459179171,1753.9543668474141,3507.908826026585
2150.0,550.0,8.0,270.0,0.06,1753.954459179171,1753.9544558315563,3507.908915010727
2200.0,0.0,8.0,270.0,0.06,1753.954459179171,1289.0392697885247,3042.9937289676955
2200.0,50.0,8.0,270.0,0.06,1753.954459179171,1348.7145418145483,3102.6690009937192
2200.0,100.0,8.0,270.0,0.06,1753.954459179171,1487.2217250532108,3241.1761842323817
2200.0,150.0,8.0,270.0,0.06,1753.954459179171,1623.4209950454463,3377.3754542246174
2200.0,200.0,8.0,270.0,0.06,1753.954459179171,1706.8967898553556,3460.851249034527
2200.0,250.0,8.0,270.0,0.06,1753.954459179171,1741.6951384842712,3495.6495976634424
2200.0,300.0,8.0,270.0,0.06,1753.954459179171,1751.6052814588238,3505.5597406379943
2200.0,350.0,8.0,270.0,0.06,1753.954459179171,1753.6240834069122,3507.578542586083
2200.0,400.0,8.0,270.0,0.06,1753.954459179171,1753.920429045601,3507.8748882247723
2200.0,450.0,8.0,270.0,0.06,1753.954459179171,1753.9518969882317,3507.9063561674025
2200.0,500.0,8.0,270.0,0.06,1753.954459179171,1753.9543184235952,3507.9087776027663
2200.0,550.0,8.0,270.0,0.06,1753.954459179171,1753.9544535458895,3507.9089127250604
2250.0,0.0,8.0,270.0,0.06,1753.954459179171,1301.4118115551107,3055.3662707342814
2250.0,50.0,8.0,270.0,0.06,1753.954459179171,1358.1173150515658,3112.071774230737
2250.0,100.0,8.0,270.0,0.06,1753.954459179171,1490.478379849804,3244.432839028975
2250.0,150.0,8.0,270.0,0.06,1753.954459179171,1622.4820294547803,3376.4364886339513
2250.0,200.0,8.0,270.0,0.06,1753.954459179171,1705.1755749026136,3459.1300340817847
2250.0,250.0,8.0,270.0,0.06,1753.954459179171,1740.7531866540794,3494.7076458332504
2250.0,300.0,8.0,270.0,0.06,1753.954459179171,1751.303314662705,3505.2577738418754
2250.0,350.0,8.0,270.0,0.06,1753.954459179171,1753.5600810222809,3507.514540201452
2250.0,400.0,8.0,270.0,0.06,1753.954459179171,1753.9110843715162,3507.865543550687
2250.0,450.0,8.0,270.0,0.06,1753.954459179171,1753.9509387799121,3507.9053979590835
2250.0,500.0,8.0,270.0,0.06,1753.954459179171,1753.9542486907058,3507.9087078698767
2250.0,550.0,8.0,270.0,0.06,1753.954459179171,1753.954449921393,3507.9089091005644
2300.0,0.0,8.0,270.0,0.06,1753.954459179171,1313.3469429784525,3067.301402157623
2300.0,50.0,8.0,270.0,0.06,1753.954459179171,1367.193600138492,3121.148059317663
2300.0,100.0,8.0,270.0,0.06,1753.954459179171,1493.750854580541,3247.705313759712
2300.0,150.0,8.0,270.0,0.06,1753.954459179171,1621.6687161425684,3375.6231753217394
2300.0,200.0,8.0,270.0,0.06,1753.954459179171,1703.53119210472,3457.485651283891
2300.0,250.0,8.0,270.0,0.06,1753.954459179171,1739.7926269345182,3493.7470861136894
2300.0,300.0,8.0,270.0,0.06,1753.954459179171,1750.9797920368414,3504.934251216012
2300.0,350.0,8.0,270.0,0.06,1753.954459179171,1753.4875269470035,3507.441986126174
2300.0,400.0,8.0,270.0,0.06,1753.954459179171,1753.8997817877137,3507.8542409668844
2300.0,450.0,8.0,270.0,0.06,1753.954459179171,1753.949691165243,3507.9041503444137
2300.0,500.0,8.0,270.0,0.06,1753.954459179171,1753.9541500546015,3507.9086092337725
2300.0,550.0,8.0,270.0,0.06,1753.954459179171,1753.9544442999263,3507.9089034790973
2350.0,0.0,8.0,270.0,0.06,1753.954459179171,1324.7752995363992,3078.72975871557
2350.0,50.0,8.0,270.0,0.06,1753.954459179171,1375.957174361555,3129.9116335407257
2350.0,100.0,8.0,270.0,0.06,1753.954459179171,1497.0322954634528,3250.9867546426235
2350.0,150.0,8.0,270.0,0.06,1753.954459179171,1620.975638322948,3374.9300975021188
2350.0,200.0,8.0,270.0,0.06,1753.954459179171,1701.9356311629033,3455.890090342074
2350.0,250.0,8.0,270.0,0.06,1753.954459179171,1738.8163814996678,3492.770840678839
2350.0,300.0,8.0,270.0,0.06,1753.954459179171,1750.6349481892166,3504.5894073683876
2350.0,350.0,8.0,270.0,0.06,1753.954459179171,1753.405884328075,3507.360343507246
2350.0,400.0,8.0,270.0,0.06,1753.954459179171,1753.8862485516352,3507.840707730806
2350.0,450.0,8.0,270.0,0.06,1753.954459179171,1753.9480881369698,3507.9025473161405
2350.0,500.0,8.0,270.0,0.06,1753.954459179171,1753.9540128664835,3507.9084720456544
2350.0,550.0,8.0,270.0,0.06,1753.954459179171,1753.954435761232,3507.9088949404027
2400.0,0.0,8.0,270.0,0.06,1753.954459179171,1335.7252922805033,3089.6797514596738
2400.0,50.0,8.0,270.0,0.06,1753.954459179171,1384.4211719101831,3138.375631089354
2400.0,100.0,8.0,270.0,0.06,1753.954459179171,1500.3164797103168,3254.2709388894878
2400.0,150.0,8.0,270.0,0.06,1753.954459179171,1620.397363971683,3374.3518231508538
2400.0,200.0,8.0,270.0,0.06,1753.954459179171,1700.3911124329275,3454.3455716120984
2400.0,250.0,8.0,270.0,0.06,1753.954459179171,1737.82734998175,3491.7818091609206
2400.0,300.0,8.0,270.0,0.06,1753.954459179171,1750.269151437552,3504.223610616723
2400.0,350.0,8.0,270.0,0.06,1753.954459179171,1753.314652202937,3507.2691113821083
2400.0,400.0,8.0,270.0,0.06,1753.954459179171,1753.8701979156885,3507.8246570948595
2400.0,450.0,8.0,270.0,0.06,1753.954459179171,1753.9460540041516,3507.900513183323
2400.0,500.0,8.0,270.0,0.06,1753.954459179171,1753.9538250610517,3507.9082842402227
2400.0,550.0,8.0,270.0,0.06,1753.954459179171,1753.9544230436811,3507.908882222852
2450.0,0.0,8.0,270.0,0.06,1753.954459179171,1346.2233460184823,3100.1778051976535
2450.0,50.0,8.0,270.0,0.06,1753.954459179171,1392.598113654341,3146.552572833512
2450.0,100.0,8.0,270.0,0.06,1753.954459179171,1503.597772680361,3257.552231859532
2450.0,150.0,8.0,270.0,0.06,1753.954459179171,1619.9284807205527,3373.8829398997236
2450.0,200.0,8.0,270.0,0.06,1753.954459179171,1698.899479458259,3452.85393863743
2450.0,250.0,8.0,270.0,0.06,1753.954459179171,1736.8283871188078,3490.7828462979783
2450.0,300.0,8.0,270.0,0.06,1753.954459179171,1749.8828958937363,3503.837355072907
2450.0,350.0,8.0,270.0,0.06,1753.954459179171,1753.21337138722,3507.167830566391
2450.0,400.0,8.0,270.0,0.06,1753.954459179171,1753.8513315960988,3507.8057907752695
2450.0,450.0,8.0,270.0,0.06,1753.954459179171,1753.9435030210032,3507.8979622001743
2450.0,500.0,8.0,270.0,0.06,1753.954459179171,1753.9535717765955,3507.908030955766
2450.0,550.0,8.0,270.0,0.06,1753.954459179171,1753.954404449463,3507.908863628634
2500.0,0.0,8.0,270.0,0.06,1753.954459179171,1356.4795987863151,3110.4340579654863
2500.0,50.0,8.0,270.0,0.06,1753.954459179171,1400.4999358458886,3154.4543950250595
2500.0,100.0,8.0,270.0,0.06,1753.954459179171,1506.8710865601277,3260.825545739299
2500.0,150.0,8.0,270.0,0.06,1753.954459179171,1619.563625904429,3373.5180850836
2500.0,200.0,8.0,270.0,0.06,1753.954459179171,1697.4622219050973,3451.4166810842685
2500.0,250.0,8.0,270.0,0.06,1753.954459179171,1735.8222831275466,3489.7767423067176
2500.0,300.0,8.0,270.0,0.06,1753.954459179171,1749.4767924311288,3503.4312516102996
2500.0,350.0,8.0,270.0,0.06,1753.954459179171,1753.1016296062594,3507.0560887854303
2500.0,400.0,8.0,270.0,0.06,1753.954459179171,1753.8293425106738,3507.7838016898445
2500.0,450.0,8.0,270.0,0.06,1753.954459179171,1753.9403391673331,3507.894798346504
2500.0,500.0,8.0,270.0,0.06,1753.954459179171,1753.9532349650785,3507.9076941442495
2500.0,550.0,8.0,270.0,0.06,1753.954459179171,1753.9543777334304,3507.908836912601
2550.0,0.0,8.0,270.0,0.06,1753.954459179171,1366.3457987190845,3120.300257898255
2550.0,50.0,8.0,270.0,0.06,1753.954459179171,1408.2695757983843,3162.224034977555
2550.0,100.0,8.0,270.0,0.06,1753.954459179171,1510.1318407779163,3264.0862999570872
2550.0,150.0,8.0,270.0,0.06,1753.954459179171,1619.297512177959,3373.25197135713
2550.0,200.0,8.0,270.0,0.06,1753.954459179171,1696.0804990971612,3450.0349582763324
2550.0,250.0,8.0,270.0,0.06,1753.954459179171,1734.8117467448105,3488.7662059239815
2550.0,300.0,8.0,270.0,0.06,1753.954459179171,1749.0515587969062,3503.006017976077
2550.0,350.0,8.0,270.0,0.06,1753.954459179171,1752.9790658160866,3506.933524995258
2550.0,400.0,8.0,270.0,0.06,1753.954459179171,1753.8039177245016,3507.758376903673
2550.0,450.0,8.0,270.0,0.06,1753.954459179171,1753.9364560941328,3507.8909152733036
2550.0,500.0,8.0,270.0,0.06,1753.954459179171,1753.9527930013844,3507.9072521805556
2550.0,550.0,8.0,270.0,0.06,1753.954459179171,1753.9543399752815,3507.9087991544525
2600.0,0.0,8.0,270.0,0.06,1753.954459179171,1375.8210926838372,3129.7755518630083
2600.0,50.0,8.0,270.0,0.06,1753.954459179171,1415.8538344066467,3169.8082935858174
2600.0,100.0,8.0,270.0,0.06,1753.954459179171,1513.3759242921249,3267.3303834712956
2600.0,150.0,8.0,270.0,0.06,1753.954459179171,1619.1249491079673,3373.079408287138
2600.0,200.0,8.0,270.0,0.06,1753.954459179171,1694.7551637742336,3448.7096229534045
2600.0,250.0,8.0,270.0,0.06,1753.954459179171,1733.7993908409924,3487.753850020163
2600.0,300.0,8.0,270.0,0.06,1753.954459179171,1748.6080091162544,3502.5624682954253
2600.0,350.0,8.0,270.0,0.06,1753.954459179171,1752.8453736837118,3506.799832862883
2600.0,400.0,8.0,270.0,0.06,1753.954459179171,1753.7747415397766,3507.7292007189476
2600.0,450.0,8.0,270.0,0.06,1753.954459179171,1753.9317372431344,3507.8861964223056
2600.0,500.0,8.0,270.0,0.06,1753.954459179171,1753.9522203017043,3507.906679480875
2600.0,550.0,8.0,270.0,0.06,1753.954459179171,1753.954287435326,3507.908746614497
2650.0,0.0,8.0,270.0,0.06,1753.954459179171,1384.9258928837094,3138.88035206288
2650.0,50.0,8.0,270.0,0.06,1753.954459179171,1423.1890074415685,3177.1434666207397
2650.0,100.0,8.0,270.0,0.06,1753.954459179171,1516.5996598369804,3270.5541190161516
2650.0,150.0,8.0,270.0,0.06,1753.954459179171,1619.0408611320852,3372.995320311256
2650.0,200.0,8.0,270.0,0.06,1753.954459179171,1693.4867857574168,3447.4412449365877
2650.0,250.0,8.0,270.0,0.06,1753.954459179171,1732.7877204777951,3486.742179656966
2650.0,300.0,8.0,270.0,0.06,1753.954459179171,1748.147043016098,3502.101502195269
2650.0,350.0,8.0,270.0,0.06,1753.954459179171,1752.7003042186104,3506.654763397781
2650.0,400.0,8.0,270.0,0.06,1753.954459179171,1753.7414986653705,3507.695957844541
2650.0,450.0,8.0,270.0,0.06,1753.954459179171,1753.9260561442695,3507.8805153234407
2650.0,500.0,8.0,270.0,0.06,1753.954459179171,1753.9514869614886,3507.9059461406596
2650.0,550.0,8.0,270.0,0.06,1753.954459179171,1753.9542153946843,3507.9086745738555
2700.0,0.0,8.0,270.0,0.06,1753.954459179171,1393.6792875406204,3147.6337467197914
2700.0,50.0,8.0,270.0,0.06,1753.954459179171,1430.2852239895842,3184.2396831687547
2700.0,100.0,8.0,270.0,0.06,1753.954459179171,1519.8040332032856,3273.7584923824566
2700.0,150.0,8.0,270.0,0.06,1753.954459179171,1619.0403022550954,3372.9947614342664
2700.0,200.0,8.0,270.0,0.06,1753.954459179171,1692.2756752578691,3446.23013443704
2700.0,250.0,8.0,270.0,0.06,1753.954459179171,1731.7791232600537,3485.7335824392244
2700.0,300.0,8.0,270.0,0.06,1753.954459179171,1747.6696345741982,3501.624093753369
2700.0,350.0,8.0,270.0,0.06,1753.954459179171,1752.543667566889,3506.4981267460603
2700.0,400.0,8.0,270.0,0.06,1753.954459179171,1753.7038774032217,3507.6583365823926
2700.0,450.0,8.0,270.0,0.06,1753.954459179171,1753.9192768900286,3507.8737360692
2700.0,500.0,8.0,270.0,0.06,1753.954459179171,1753.9505584234257,3507.905017602596
2700.0,550.0,8.0,270.0,0.06,1753.954459179171,1753.954117981439,3507.90857716061
2750.0,0.0,8.0,270.0,0.06,1753.954459179171,1402.0991439658735,3156.0536031450442
2750.0,50.0,8.0,270.0,0.06,1753.954459179171,1437.152143574919,3191.10660275409
2750.0,100.0,8.0,270.0,0.06,1753.954459179171,1523.063313662489,3277.0177728416597
2750.0,150.0,8.0,270.0,0.06,1753.954459179171,1619.1184678330058,3373.072927012177
2750.0,200.0,8.0,270.0,0.06,1753.954459179171,1691.1219056142834,3445.076364793454
2750.0,250.0,8.0,270.0,0.06,1753.954459179171,1730.7758618157086,3484.7303209948795
2750.0,300.0,8.0,270.0,0.06,1753.954459179171,1747.1768212762279,3501.131280455399
2750.0,350.0,8.0,270.0,0.06,1753.954459179171,1752.3753339964608,3506.3297931756315
2750.0,400.0,8.0,270.0,0.06,1753.954459179171,1753.6615727917929,3507.616031970964
2750.0,450.0,8.0,270.0,0.06,1753.954459179171,1753.911254781075,3507.865713960246
2750.0,500.0,8.0,270.0,0.06,1753.954459179171,1753.9493951856239,3507.903854364795
2750.0,550.0,8.0,270.0,0.06,1753.954459179171,1753.9539879848853,3507.908447164056
2800.0,0.0,8.0,270.0,0.06,1753.954459179171,1410.3894004625342,3164.343859641705
2800.0,50.0,8.0,270.0,0.06,1753.954459179171,1443.798979080199,3197.75343825937
2800.0,100.0,8.0,270.0,0.06,1753.954459179171,1526.2927034136144,3280.2471625927856
2800.0,150.0,8.0,270.0,0.06,1753.954459179171,1619.2707037719192,3373.22516295109
2800.0,200.0,8.0,270.0,0.06,1753.954459179171,1690.0253352876657,3443.979794466836
2800.0,250.0,8.0,270.0,0.06,1753.954459179171,1729.7800682285224,3483.7345274076933
2800.0,300.0,8.0,270.0,0.06,1753.954459179171,1746.669693139506,3500.624152318677
2800.0,350.0,8.0,270.0,0.06,1753.954459179171,1752.19523411555,3506.1496932947207
2800.0,400.0,8.0,270.0,0.06,1753.954459179171,1753.6142896514705,3507.5687488306417
2800.0,450.0,8.0,270.0,0.06,1753.954459179171,1753.9018371331447,3507.8562963123154
2800.0,500.0,8.0,270.0,0.06,1753.954459179171,1753.9479525594595,3507.9024117386302
2800.0,550.0,8.0,270.0,0.06,1753.954459179171,1753.9538166606503,3507.9082758398213
2850.0,0.0,8.0,270.0,0.06,1753.954459179171,1418.4016606845369,3172.3561198637076
2850.0,50.0,8.0,270.0,0.06,1753.954459179171,1450.2345186310245,3204.188977810196
2850.0,100.0,8.0,270.0,0.06,1753.954459179171,1529.4898815404486,3283.44434071962
2850.0,150.0,8.0,270.0,0.06,1753.954459179171,1619.4925134450418,3373.4469726242123
2850.0,200.0,8.0,270.0,0.06,1753.954459179171,1688.985628980261,3442.9400881594315
2850.0,250.0,8.0,270.0,0.06,1753.954459179171,1728.7937402437208,3482.7481994228915
2850.0,300.0,8.0,270.0,0.06,1753.954459179171,1746.1493821383444,3500.103841317515
2850.0,350.0,8.0,270.0,0.06,1753.954459179171,1752.0033583779868,3505.957817557158
2850.0,400.0,8.0,270.0,0.06,1753.954459179171,1753.561745482502,3507.516204661673
2850.0,450.0,8.0,270.0,0.06,1753.954459179171,1753.8908642314666,3507.845323410638
2850.0,500.0,8.0,270.0,0.06,1753.954459179171,1753.9461804855569,3507.900639664728
2850.0,550.0,8.0,270.0,0.06,1753.954459179171,1753.9535935300087,3507.9080527091796
2900.0,0.0,8.0,270.0,0.06,1753.954459179171,1426.119835228416,3180.0742944075864
2900.0,50.0,8.0,270.0,0.06,1753.954459179171,1456.467146471069,3210.42160565024
2900.0,100.0,8.0,270.0,0.06,1753.954459179171,1532.6528194570576,3286.6072786362283
2900.0,150.0,8.0,270.0,0.06,1753.954459179171,1619.779562607305,3373.734021786476
2900.0,200.0,8.0,270.0,0.06,1753.954459179171,1688.0022777789784,3441.9567369581496
2900.0,250.0,8.0,270.0,0.06,1753.954459179171,1727.8187390665526,3481.7731982457235
2900.0,300.0,8.0,270.0,0.06,1753.954459179171,1745.6170520430326,3499.5715112222033
2900.0,350.0,8.0,270.0,0.06,1753.954459179171,1751.799755937178,3505.754215116349
2900.0,400.0,8.0,270.0,0.06,1753.954459179171,1753.50367317259,3507.458132351761
2900.0,450.0,8.0,270.0,0.06,1753.954459179171,1753.8781704157716,3507.832629594943
2900.0,500.0,8.0,270.0,0.06,1753.954459179171,1753.944023415099,3507.8984825942703
2900.0,550.0,8.0,270.0,0.06,1753.954459179171,1753.9533061772024,3507.907765356373
2950.0,0.0,8.0,270.0,0.06,1753.954459179171,1433.5581371917563,3187.512596370927
2950.0,50.0,8.0,270.0,0.06,1753.954459179171,1462.5518640482378,3216.5063232274088
2950.0,100.0,8.0,270.0,0.06,1753.954459179171,1535.7797560708714,3289.7342152500423
2950.0,150.0,8.0,270.0,0.06,1753.954459179171,1620.1276825634886,3374.0821417426596
2950.0,200.0,8.0,270.0,0.06,1753.954459179171,1687.074618252676,3441.029077431847
2950.0,250.0,8.0,270.0,0.06,1753.954459179171,1726.8567885769553,3480.8112477561262
2950.0,300.0,8.0,270.0,0.06,1753.954459179171,1745.0738887626958,3499.0283479418667
2950.0,350.0,8.0,270.0,0.06,1753.954459179171,1751.584532916507,3505.538992095678
2950.0,400.0,8.0,270.0,0.06,1753.954459179171,1753.4398234782277,3507.394282657399
2950.0,450.0,8.0,270.0,0.06,1753.954459179171,1753.863585276404,3507.8180444555746
2950.0,500.0,8.0,270.0,0.06,1753.954459179171,1753.9414202621401,3507.895879441311
2950.0,550.0,8.0,270.0,0.06,1753.954459179171,1753.9529400489093,3507.90739922808
3000.0,0.0,8.0,270.0,0.06,1753.954459179171,1440.7299285884003,3194.684387767571
3000.0,50.0,8.0,270.0,0.06,1753.954459179171,1468.5547584700257,3222.509217649196
3000.0,100.0,8.0,270.0,0.06,1753.954459179171,1538.8691747102123,3292.823633889383
3000.0,150.0,8.0,270.0,0.06,1753.954459179171,1620.5328718228388,3374.4873310020103
3000.0,200.0,8.0,270.0,0.06,1753.954459179171,1686.201850457603,3440.156309636774
3000.0,250.0,8.0,270.0,0.06,1753.954459179171,1725.9094757893574,3479.863934968528
3000.0,300.0,8.0,270.0,0.06,1753.954459179171,1744.5210912620519,3498.475550441223
3000.0,350.0,8.0,270.0,0.06,1753.954459179171,1751.3578501674672,3505.3123093466384
3000.0,400.0,8.0,270.0,0.06,1753.954459179171,1753.3699672511095,3507.3244264302803
3000.0,450.0,8.0,270.0,0.06,1753.954459179171,1753.8469349402494,3507.80139411942
3000.0,500.0,8.0,270.0,0.06,1753.954459179171,1753.9383044309682,3507.892763610139
3000.0,550.0,8.0,270.0,0.06,1753.954459179171,1753.9524782602948,3507.9069374394658
3050.0,0.0,8.0,270.0,0.06,1753.954459179171,1447.6477812407181,3201.602240419889
3050.0,50.0,8.0,270.0,0.06,1753.954459179171,1474.372974620797,3228.3274337999683
3050.0,100.0,8.0,270.0,0.06,1753.954459179171,1541.9197817290728,3295.874240908244
3050.0,150.0,8.0,270.0,0.06,1753.954459179171,1620.9912964511923,3374.9457556303632
3050.0,200.0,8.0,270.0,0.06,1753.954459179171,1685.3830548263832,3439.337514005554
3050.0,250.0,8.0,270.0,0.06,1753.954459179171,1724.9782523945464,3478.9327115737174
3050.0,300.0,8.0,270.0,0.06,1753.954459179171,1743.9598631036386,3497.9143222828097
3050.0,350.0,8.0,270.0,0.06,1753.954459179171,1751.119920588326,3505.0743797674972
3050.0,400.0,8.0,270.0,0.06,1753.954459179171,1753.293897388082,3507.248356567253
3050.0,450.0,8.0,270.0,0.06,1753.954459179171,1753.8280434240223,3507.7825026031933
3050.0,500.0,8.0,270.0,0.06,1753.954459179171,1753.9346039208012,3507.889063099972
3050.0,550.0,8.0,270.0,0.06,1753.954459179171,1753.95190141213,3507.9063605913007
3100.0,0.0,8.0,270.0,0.06,1753.954459179171,1454.3235325841313,3208.277991763302
3100.0,50.0,8.0,270.0,0.06,1753.954459179171,1480.0136521646482,3233.968111343819
3100.0,100.0,8.0,270.0,0.06,1753.954459179171,1544.930486699208,3298.884945878379
3100.0,150.0,8.0,270.0,0.06,1753.954459179171,1621.4992893107853,3375.4537484899565
3100.0,200.0,8.0,270.0,0.06,1753.954459179171,1684.6172079336498,3438.5716671128207
3100.0,250.0,8.0,270.0,0.06,1753.954459179171,1724.0644372298505,3478.0188964090216
3100.0,300.0,8.0,270.0,0.06,1753.954459179171,1743.3914046504701,3497.3458638296406
3100.0,350.0,8.0,270.0,0.06,1753.954459179171,1750.8710060758642,3504.825465255035
3100.0,400.0,8.0,270.0,0.06,1753.954459179171,1753.2114304900801,3507.1658896692506
3100.0,450.0,8.0,270.0,0.06,1753.954459179171,1753.806734031995,3507.761193211166
3100.0,500.0,8.0,270.0,0.06,1753.954459179171,1753.9302415083664,3507.884700687537
3100.0,550.0,8.0,270.0,0.06,1753.954459179171,1753.9511874234834,3507.9056466026545
3150.0,0.0,8.0,270.0,0.06,1753.954459179171,1460.770086629743,3214.724545808914
3150.0,50.0,8.0,270.0,0.06,1753.954459179171,1485.483609029554,3239.438068208725
3150.0,100.0,8.0,270.0,0.06,1753.954459179171,1547.9003840986636,3301.8548432778343
3150.0,150.0,8.0,270.0,0.06,1753.954459179171,1622.0533483583208,3376.0078075374913
3150.0,200.0,8.0,270.0,0.06,1753.954459179171,1683.9031971460704,3437.8576563252414
3150.0,250.0,8.0,270.0,0.06,1753.954459179171,1723.169219534228,3477.123678713399
3150.0,300.0,8.0,270.0,0.06,1753.954459179171,1742.8169059494192,3496.77136512859
3150.0,350.0,8.0,270.0,0.06,1753.954459179171,1750.6114141809633,3504.565873360134
3150.0,400.0,8.0,270.0,0.06,1753.954459179171,1753.1224082220203,3507.076867401191
3150.0,450.0,8.0,270.0,0.06,1753.954459179171,1753.7828307753712,3507.737289954542
3150.0,500.0,8.0,270.0,0.06,1753.954459179171,1753.9251350071634,3507.879594186334
3150.0,550.0,8.0,270.0,0.06,1753.954459179171,1753.9503113842998,3507.9047705634707
3200.0,0.0,8.0,270.0,0.06,1753.954459179171,1467.1566604824018,3221.1111196615725
3200.0,50.0,8.0,270.0,0.06,1753.954459179171,1490.7893572968671,3244.743816476038
3200.0,100.0,8.0,270.0,0.06,1753.954459179171,1550.8287364064022,3304.783195585573
3200.0,150.0,8.0,270.0,0.06,1753.954459179171,1622.6501341535738,3376.6045933327446
3200.0,200.0,8.0,270.0,0.06,1753.954459179171,1683.239834176445,3437.1942933556156
3200.0,250.0,8.0,270.0,0.06,1753.954459179171,1722.2936628557873,3476.248122034958
3200.0,300.0,8.0,270.0,0.06,1753.954459179171,1742.2375403028664,3496.1919994820373
3200.0,350.0,8.0,270.0,0.06,1753.954459179171,1750.341494535851,3504.295953715022
3200.0,400.0,8.0,270.0,0.06,1753.954459179171,1753.0266983716608,3506.981157550832
3200.0,450.0,8.0,270.0,0.06,1753.954459179171,1753.756159791181,3507.7106189703522
3200.0,500.0,8.0,270.0,0.06,1753.954459179171,1753.9191976006036,3507.8736567797746
3200.0,550.0,8.0,270.0,0.06,1753.954459179171,1753.9492454318888,3507.9037046110598
3250.0,0.0,8.0,270.0,0.06,1753.954459179171,1473.3272452113733,3227.2817043905443
3250.0,50.0,8.0,270.0,0.06,1753.954459179171,1495.9371182918378,3249.8915774710085
3250.0,100.0,8.0,270.0,0.06,1753.954459179171,1553.7149585143022,3307.6694176934734
3250.0,150.0,8.0,270.0,0.06,1753.954459179171,1623.2864667139327,3377.240925893104
3250.0,200.0,8.0,270.0,0.06,1753.954459179171,1682.6258675710474,3436.580326750218
3250.0,250.0,8.0,270.0,0.06,1753.954459179171,1721.4387094904723,3475.393168669643
3250.0,300.0,8.0,270.0,0.06,1753.954459179171,1741.6544585252298,3495.6089177044005
3250.0,350.0,8.0,270.0,0.06,1753.954459179171,1750.0616351169379,3504.016094296109
3250.0,400.0,8.0,270.0,0.06,1753.954459179171,1752.924195610852,3506.8786547900227
3250.0,450.0,8.0,270.0,0.06,1753.954459179171,1753.7265507397233,3507.6810099188942
3250.0,500.0,8.0,270.0,0.06,1753.954459179171,1753.912338244704,3507.866797423875
3250.0,550.0,8.0,270.0,0.06,1753.954459179171,1753.9479586549646,3507.9024178341356
3300.0,0.0,8.0,270.0,0.06,1753.954459179171,1479.2914572610277,3233.2459164401985
3300.0,50.0,8.0,270.0,0.06,1753.954459179171,1500.9328369103519,3254.8872960895224
3300.0,100.0,8.0,270.0,0.06,1753.954459179171,1556.5586033702702,3310.513062549441
3300.0,150.0,8.0,270.0,0.06,1753.954459179171,1623.9593218346454,3377.913781013817
3300.0,200.0,8.0,270.0,0.06,1753.954459179171,1682.0599941668615,3436.0144533460325
3300.0,250.0,8.0,270.0,0.06,1753.954459179171,1720.6051853418483,3474.5596445210194
3300.0,300.0,8.0,270.0,0.06,1753.954459179171,1741.0687838718425,3495.0232430510137
3300.0,350.0,8.0,270.0,0.06,1753.954459179171,1749.7722584024978,3503.7267175816687
3300.0,400.0,8.0,270.0,0.06,1753.954459179171,1752.8148219673437,3506.769281146515
3300.0,450.0,8.0,270.0,0.06,1753.954459179171,1753.6938381611321,3507.6482973403026
3300.0,500.0,8.0,270.0,0.06,1753.954459179171,1753.9044621347073,3507.858921313878
3300.0,550.0,8.0,270.0,0.06,1753.954459179171,1753.9464170283293,3507.9008762075
3350.0,0.0,8.0,270.0,0.06,1753.954459179171,1485.0583833183407,3239.012842497512
3350.0,50.0,8.0,270.0,0.06,1753.954459179171,1505.7821952165427,3259.7366543957137
3350.0,100.0,8.0,270.0,0.06,1753.954459179171,1559.3593487692976,3313.3138079484684
3350.0,150.0,8.0,270.0,0.06,1753.954459179171,1624.665826980335,3378.620286159506
3350.0,200.0,8.0,270.0,0.06,1753.954459179171,1681.5408695609685,3435.4953287401395
3350.0,250.0,8.0,270.0,0.06,1753.954459179171,1719.7938051029562,3473.748264282127
3350.0,300.0,8.0,270.0,0.06,1753.954459179171,1740.4816076201084,3494.436066799279
3350.0,350.0,8.0,270.0,0.06,1753.954459179171,1749.473817479429,3503.4282766586
3350.0,400.0,8.0,270.0,0.06,1753.954459179171,1752.6985270193697,3506.652986198541
3350.0,450.0,8.0,270.0,0.06,1753.954459179171,1753.6578627734655,3507.612321952636
3350.0,500.0,8.0,270.0,0.06,1753.954459179171,1753.8954712288632,3507.8499304080347
3350.0,550.0,8.0,270.0,0.06,1753.954459179171,1753.9445833807677,3507.8990425599386
3400.0,0.0,8.0,270.0,0.06,1753.954459179171,1490.6366150845163,3244.5910742636875
3400.0,50.0,8.0,270.0,0.06,1753.954459179171,1510.4906253452216,3264.4450845243923
3400.0,100.0,8.0,270.0,0.06,1753.954459179171,1562.1169852127503,3316.071444391921
3400.0,150.0,8.0,270.0,0.06,1753.954459179171,1625.4032568403347,3379.3577160195055
3400.0,200.0,8.0,270.0,0.06,1753.954459179171,1681.067117638408,3435.0215768175785
3400.0,250.0,8.0,270.0,0.06,1753.954459179171,1719.0051776718321,3472.959636851003
3400.0,300.0,8.0,270.0,0.06,1753.954459179171,1739.8939852768472,3493.848444456018
3400.0,350.0,8.0,270.0,0.06,1753.954459179171,1749.1667921478602,3503.121251327031
3400.0,400.0,8.0,270.0,0.06,1753.954459179171,1752.5752878285866,3506.5297470077576
3400.0,450.0,8.0,270.0,0.06,1753.954459179171,1753.618472696824,3507.572931875995
3400.0,500.0,8.0,270.0,0.06,1753.954459179171,1753.8852648217003,3507.8397240008712
3400.0,550.0,8.0,270.0,0.06,1753.954459179171,1753.9424173980196,3507.8968765771906
3450.0,0.0,8.0,270.0,0.06,1753.954459179171,1496.034281393166,3249.988740572337
3450.0,50.0,8.0,270.0,0.06,1753.954459179171,1515.0633217422042,3269.0177809213756
3450.0,100.0,8.0,270.0,0.06,1753.954459179171,1564.8314047600047,3318.785863939175
3450.0,150.0,8.0,270.0,0.06,1753.954459179171,1626.169028628669,3380.1234878078403
3450.0,200.0,8.0,270.0,0.06,1753.954459179171,1680.637339207632,3434.591798386803
3450.0,250.0,8.0,270.0,0.06,1753.954459179171,1718.2398117224689,3472.19427090164
3450.0,300.0,8.0,270.0,0.06,1753.954459179171,1739.3069333810633,3493.261392560234
3450.0,350.0,8.0,270.0,0.06,1753.954459179171,1748.8516850668732,3502.806144246044
3450.0,400.0,8.0,270.0,0.06,1753.954459179171,1752.4451086295808,3506.3995678087517
3450.0,450.0,8.0,270.0,0.06,1753.954459179171,1753.5755245901812,3507.529983769352
3450.0,500.0,8.0,270.0,0.06,1753.954459179171,1753.8737401584453,3507.8281993376168
3450.0,550.0,8.0,270.0,0.06,1753.954459179171,1753.9398756620621,3507.8943348412326
3500.0,0.0,8.0,270.0,0.06,1753.954459179171,1501.259077906605,3255.213537085776
3500.0,50.0,8.0,270.0,0.06,1753.954459179171,1519.5052527746484,3273.4597119538194
3500.0,100.0,8.0,270.0,0.06,1753.954459179171,1567.5025908004538,3321.457049979625
3500.0,150.0,8.0,270.0,0.06,1753.954459179171,1626.9606971988655,3380.9151563780365
3500.0,200.0,8.0,270.0,0.06,1753.954459179171,1680.2501197942768,3434.204578973448
3500.0,250.0,8.0,270.0,0.06,1753.954459179171,1717.498121362586,3471.452580541757
3500.0,300.0,8.0,270.0,0.06,1753.954459179171,1738.7214268679008,3492.675886047072
3500.0,350.0,8.0,270.0,0.06,1753.954459179171,1748.5290179790904,3502.4834771582614
3500.0,400.0,8.0,270.0,0.06,1753.954459179171,1752.3080202962224,3506.262479475393
3500.0,450.0,8.0,270.0,0.06,1753.954459179171,1753.528884689955,3507.4833438691257
3500.0,500.0,8.0,270.0,0.06,1753.954459179171,1753.860793081766,3507.815252260937
3500.0,550.0,8.0,270.0,0.06,1753.954459179171,1753.9369117272252,3507.891370906396
3550.0,0.0,8.0,270.0,0.06,1753.954459179171,1506.3182945989804,3260.272753778151
3550.0,50.0,8.0,270.0,0.06,1753.954459179171,1523.9340351568392,3277.88849433601
3550.0,100.0,8.0,270.0,0.06,1753.954459179171,1570.1306086779364,3324.0850678571073
3550.0,150.0,8.0,270.0,0.06,1753.954459179171,1627.7759500342872,3381.730409213458
3550.0,200.0,8.0,270.0,0.06,1753.954459179171,1679.9040366447277,3433.8584958238985
3550.0,250.0,8.0,270.0,0.06,1753.954459179171,1716.7804318185408,3470.734890997712
3550.0,300.0,8.0,270.0,0.06,1753.954459179171,1738.13839695715,3492.092856136321
3550.0,350.0,8.0,270.0,0.06,1753.954459179171,1748.1993280464396,3502.1537872256104
3550.0,400.0,8.0,270.0,0.06,1753.954459179171,1752.164079606489,3506.11853878566
3550.0,450.0,8.0,270.0,0.06,1753.954459179171,1753.4784297416104,3507.4328889207814
3550.0,500.0,8.0,270.0,0.06,1753.954459179171,1753.846318701797,3507.8007778809674
3550.0,550.0,8.0,270.0,0.06,1753.954459179171,1753.933476232966,3507.887935412137
3600.0,0.0,8.0,270.0,0.06,1753.954459179171,1511.2188412146513,3265.173300393822
3600.0,50.0,8.0,270.0,0.06,1753.954459179171,1528.2417645384592,3282.19622371763
3600.0,100.0,8.0,270.0,0.06,1753.954459179171,1572.7155971036666,3326.6700562828373
3600.0,150.0,8.0,270.0,0.06,1753.954459179171,1628.6126021661032,3382.567061345274
3600.0,200.0,8.0,270.0,0.06,1753.954459179171,1679.597664990911,3433.5521241700817
3600.0,250.0,8.0,270.0,0.06,1753.954459179171,1716.0869850960246,3470.0414442751958
3600.0,300.0,8.0,270.0,0.06,1753.954459179171,1737.5587295281841,3491.513188707355
3600.0,350.0,8.0,270.0,0.06,1753.954459179171,1747.863164324248,3501.8176235034184
3600.0,400.0,8.0,270.0,0.06,1753.954459179171,1752.0133683283007,3505.9678275074716
3600.0,450.0,8.0,270.0,0.06,1753.954459179171,1753.4240478178845,3507.3785069970554
3600.0,500.0,8.0,270.0,0.06,1753.954459179171,1753.8302120803457,3507.784671259517
3600.0,550.0,8.0,270.0,0.06,1753.954459179171,1753.9295170524815,3507.8839762316525
3650.0,0.0,8.0,270.0,0.06,1753.954459179171,1515.967270872071,3269.921730051242
3650.0,50.0,8.0,270.0,0.06,1753.954459179171,1532.4292218724195,3286.3836810515904
3650.0,100.0,8.0,270.0,0.06,1753.954459179171,1575.257760297681,3329.2122194768517
3650.0,150.0,8.0,270.0,0.06,1753.954459179171,1629.468591063451,3383.423050242622
3650.0,200.0,8.0,270.0,0.06,1753.954459179171,1679.3295836270875,3433.2840428062586
3650.0,250.0,8.0,270.0,0.06,1753.954459179171,1715.4179455728188,3469.37240475199
3650.0,300.0,8.0,270.0,0.06,1753.954459179171,1736.9832639425058,3490.9377231216768
3650.0,350.0,8.0,270.0,0.06,1753.954459179171,1747.521084395866,3501.4755435750367
3650.0,400.0,8.0,270.0,0.06,1753.954459179171,1751.8559921492106,3505.8104513283815
3650.0,450.0,8.0,270.0,0.06,1753.954459179171,1753.3656390193723,3507.3200981985433
3650.0,500.0,8.0,270.0,0.06,1753.954459179171,1753.8123689203487,3507.76682809952
3650.0,550.0,8.0,270.0,0.06,1753.954459179171,1753.9249794757072,3507.879438654878
3700.0,0.0,8.0,270.0,0.06,1753.954459179171,1520.5948601795214,3274.5493193586926
3700.0,50.0,8.0,270.0,0.06,1753.954459179171,1536.500688355054,3290.455147534225
3700.0,100.0,8.0,270.0,0.06,1753.954459179171,1577.7573608027153,3331.711819981886
3700.0,150.0,8.0,270.0,0.06,1753.954459179171,1630.341971533541,3384.296430712712
3700.0,200.0,8.0,270.0,0.06,1753.954459179171,1679.098379848287,3433.052839027458
3700.0,250.0,8.0,270.0,0.06,1753.954459179171,1714.7734054868477,3468.727864666019
3700.0,300.0,8.0,270.0,0.06,1753.954459179171,1736.4127922750495,3490.36725145422
3700.0,350.0,8.0,270.0,0.06,1753.954459179171,1747.1736511854442,3501.128110364615
3700.0,400.0,8.0,270.0,0.06,1753.954459179171,1751.6920794727605,3505.646538651931
3700.0,450.0,8.0,270.0,0.06,1753.954459179171,1753.303116055278,3507.257575234449
3700.0,500.0,8.0,270.0,0.06,1753.954459179171,1753.7926862519555,3507.7471454311267
3700.0,550.0,8.0,270.0,0.06,1753.954459179171,1753.9198064246684,3507.8742656038394
3750.0,0.0,8.0,270.0,0.06,1753.954459179171,1525.1779102208964,3279.132369400067
3750.0,50.0,8.0,270.0,0.06,1753.954459179171,1540.4602639895018,3294.414723168673
3750.0,100.0,8.0,270.0,0.06,1753.954459179171,1580.2156484185027,3334.1701075976735
3750.0,150.0,8.0,270.0,0.06,1753.954459179171,1631.230910663515,3385.1853698426858
3750.0,200.0,8.0,270.0,0.06,1753.954459179171,1678.902653798496,3432.857112977667
3750.0,250.0,8.0,270.0,0.06,1753.954459179171,1714.1533902890603,3468.107849468231
3750.0,300.0,8.0,270.0,0.06,1753.954459179171,1735.8480589159067,3489.8025180950776
3750.0,350.0,8.0,270.0,0.06,1753.954459179171,1746.821429962253,3500.7758891414237
3750.0,400.0,8.0,270.0,0.06,1753.954459179171,1751.5217801038602,3505.4762392830307
3750.0,450.0,8.0,270.0,0.06,1753.954459179171,1753.2364047039932,3507.1908638831637
3750.0,500.0,8.0,270.0,0.06,1753.954459179171,1753.7710631070693,3507.72552228624
3750.0,550.0,8.0,270.0,0.06,1753.954459179171,1753.9139386986717,3507.8683978778427
3800.0,0.0,8.0,270.0,0.06,1753.954459179171,1529.6229450880508,3283.5774042672215
3800.0,50.0,8.0,270.0,0.06,1753.954459179171,1544.3118762569466,3298.2663354361175
3800.0,100.0,8.0,270.0,0.06,1753.954459179171,1582.6871168956382,3336.6415760748087
3800.0,150.0,8.0,270.0,0.06,1753.954459179171,1632.1336828305327,3386.0881420097035
3800.0,200.0,8.0,270.0,0.06,1753.954459179171,1678.7410222748717,3432.6954814540427
3800.0,250.0,8.0,270.0,0.06,1753.954459179171,1713.5578638363477,3467.5123230155186
3800.0,300.0,8.0,270.0,0.06,1753.954459179171,1735.2897605051107,3489.2442196842812
3800.0,350.0,8.0,270.0,0.06,1753.954459179171,1746.464985546083,3500.4194447252535
3800.0,400.0,8.0,270.0,0.06,1753.954459179171,1751.3452638447798,3505.2997230239507
3800.0,450.0,8.0,270.0,0.06,1753.954459179171,1753.1654441549056,3507.1199033340763
3800.0,500.0,8.0,270.0,0.06,1753.954459179171,1753.747401174785,3507.701860353956
3800.0,550.0,8.0,270.0,0.06,1753.954459179171,1753.9073152463588,3507.86177442553
3850.0,0.0,8.0,270.0,0.06,1753.954459179171,1533.9354394049417,3287.8898985841124
3850.0,50.0,8.0,270.0,0.06,1753.954459179171,1548.059288339588,3302.013747518759
3850.0,100.0,8.0,270.0,0.06,1753.954459179171,1585.1161354627577,3339.0705946419284
3850.0,150.0,8.0,270.0,0.06,1753.954459179171,1633.0486648019742,3387.003123981145
3850.0,200.0,8.0,270.0,0.06,1753.954459179171,1678.6121220322652,3432.566581211436
3850.0,250.0,8.0,270.0,0.06,1753.954459179171,1712.986733404757,3466.9411925839277
3850.0,300.0,8.0,270.0,0.06,1753.954459179171,1734.7385461644224,3488.693005343593
3850.0,350.0,8.0,270.0,0.06,1753.954459179171,1746.1048797198064,3500.0593388989773
3850.0,400.0,8.0,270.0,0.06,1753.954459179171,1751.162719022365,3505.117178201536
3850.0,450.0,8.0,270.0,0.06,1753.954459179171,1753.0901872343254,3507.044646413496
3850.0,500.0,8.0,270.0,0.06,1753.954459179171,1753.7216054308085,3507.676064609979
3850.0,550.0,8.0,270.0,0.06,1753.954459179171,1753.899873461321,3507.854332640492
3900.0,0.0,8.0,270.0,0.06,1753.954459179171,1538.1205992296511,3292.075058408822
3900.0,50.0,8.0,270.0,0.06,1753.954459179171,1551.7061069189588,3305.6605660981295
3900.0,100.0,8.0,270.0,0.06,1753.954459179171,1587.5031498832395,3341.4576090624105
3900.0,150.0,8.0,270.0,0.06,1753.954459179171,1633.9743309435291,3387.9287901227
3900.0,200.0,8.0,270.0,0.06,1753.954459179171,1678.5146126301033,3432.4690718092743
3900.0,250.0,8.0,270.0,0.06,1753.954459179171,1712.4398545077438,3466.3943136869148
3900.0,300.0,8.0,270.0,0.06,1753.954459179171,1734.195017991667,3488.149477170838
3900.0,350.0,8.0,270.0,0.06,1753.954459179171,1745.7416688521096,3499.6961280312803
3900.0,400.0,8.0,270.0,0.06,1753.954459179171,1750.9743509658704,3504.928810145041
3900.0,450.0,8.0,270.0,0.06,1753.954459179171,1753.0106005197435,3506.965059698914
3900.0,500.0,8.0,270.0,0.06,1753.954459179171,1753.6935847347033,3507.6480439138745
3900.0,550.0,8.0,270.0,0.06,1753.954459179171,1753.891549497678,3507.8460086768487
3950.0,0.0,8.0,270.0,0.06,1753.954459179171,1542.183377724201,3296.137836903372
3950.0,50.0,8.0,270.0,0.06,1753.954459179171,1555.255789572124,3309.210248751295
3950.0,100.0,8.0,270.0,0.06,1753.954459179171,1589.8486374015808,3343.8030965807516
3950.0,150.0,8.0,270.0,0.06,1753.954459179171,1634.9092485494257,3388.863707728596
3950.0,200.0,8.0,270.0,0.06,1753.954459179171,1678.4471788614662,3432.401638040637
3950.0,250.0,8.0,270.0,0.06,1753.954459179171,1711.9170355081737,3465.8714946873447
3950.0,300.0,8.0,270.0,0.06,1753.954459179171,1733.659731784958,3487.6141909641287
3950.0,350.0,8.0,270.0,0.06,1753.954459179171,1745.3759017307143,3499.3303609098853
3950.0,400.0,8.0,270.0,0.06,1753.954459179171,1750.78038045346,3504.734839632631
3950.0,450.0,8.0,270.0,0.06,1753.954459179171,1752.926664347746,3506.881123526917
3950.0,500.0,8.0,270.0,0.06,1753.954459179171,1753.663252389621,3507.617711568792
3950.0,550.0,8.0,270.0,0.06,1753.954459179171,1753.88227860184,3507.8367377810105
4000.0,0.0,8.0,270.0,0.06,1753.954459179171,1546.1284897649039,3300.082948944075
4000.0,50.0,8.0,270.0,0.06,1753.954459179171,1558.711651787153,3312.6661109663237
4000.0,100.0,8.0,270.0,0.06,1753.954459179171,1592.1531025160436,3346.1075616952144
4000.0,150.0,8.0,270.0,0.06,1753.954459179171,1635.8520733059383,3389.806532485109
4000.0,200.0,8.0,270.0,0.06,1753.954459179171,1678.4085328018298,3432.3629919810005
4000.0,250.0,8.0,270.0,0.06,1753.954459179171,1711.4180420162245,3465.372501195395
4000.0,300.0,8.0,270.0,0.06,1753.954459179171,1733.1331979660902,3487.087657145261
4000.0,350.0,8.0,270.0,0.06,1753.954459179171,1745.008117604082,3498.962576783253
4000.0,400.0,8.0,270.0,0.06,1753.954459179171,1750.5810421439764,3504.535501323148
4000.0,450.0,8.0,270.0,0.06,1753.954459179171,1752.8383727218115,3506.792831900982
4000.0,500.0,8.0,270.0,0.06,1753.954459179171,1753.6305266599616,3507.584985839132
4000.0,550.0,8.0,270.0,0.06,1753.954459179171,1753.8719954565674,3507.826454635738
4050.0,0.0,8.0,270.0,0.06,1753.954459179171,1549.9604255747763,3303.9148847539473
4050.0,50.0,8.0,270.0,0.06,1753.954459179171,1562.076873618197,3316.031332797368
4050.0,100.0,8.0,270.0,0.06,1753.954459179171,1594.4170731352626,3348.371532314434
4050.0,150.0,8.0,270.0,0.06,1753.954459179171,1636.801544896645,3390.756004075816
4050.0,200.0,8.0,270.0,0.06,1753.954459179171,1678.3974155126573,3432.351874691828
4050.0,250.0,8.0,270.0,0.06,1753.954459179171,1710.9426010683521,3464.897060247523
4050.0,300.0,8.0,270.0,0.06,1753.954459179171,1732.6158826743942,3486.570341853565
4050.0,350.0,8.0,270.0,0.06,1753.954459179171,1744.6388444276174,3498.5933036067886
4050.0,400.0,8.0,270.0,0.06,1753.954459179171,1750.3765830090815,3504.3310421882525
4050.0,450.0,8.0,270.0,0.06,1753.954459179171,1752.7457331269666,3506.7001923061375
4050.0,500.0,8.0,270.0,0.06,1753.954459179171,1753.5953312432746,3507.5497904224453
4050.0,550.0,8.0,270.0,0.06,1753.954459179171,1753.860634533383,3507.815093712554
4100.0,0.0,8.0,270.0,0.06,1753.954459179171,1553.6834634524716,3307.6379226316426
4100.0,50.0,8.0,270.0,0.06,1753.954459179171,1565.3545059994635,3319.3089651786345
4100.0,100.0,8.0,270.0,0.06,1753.954459179171,1596.6410970872212,3350.595556266392
4100.0,150.0,8.0,270.0,0.06,1753.954459179171,1637.7564827556048,3391.7109419347757
4100.0,200.0,8.0,270.0,0.06,1753.954459179171,1678.4125984327009,3432.3670576118716
4100.0,250.0,8.0,270.0,0.06,1753.954459179171,1710.490405085065,3464.444864264236
4100.0,300.0,8.0,270.0,0.06,1753.954459179171,1732.1082090044245,3486.0626681835956
4100.0,350.0,8.0,270.0,0.06,1753.954459179171,1744.2685973087189,3498.22305648789
4100.0,400.0,8.0,270.0,0.06,1753.954459179171,1750.1672607793005,3504.121719958471
4100.0,450.0,8.0,270.0,0.06,1753.954459179171,1752.6487662587817,3506.6032254379525
4100.0,500.0,8.0,270.0,0.06,1753.954459179171,1753.5575956935072,3507.512054872678
4100.0,550.0,8.0,270.0,0.06,1753.954459179171,1753.8481304494458,3507.8025896286163
4150.0,0.0,8.0,270.0,0.06,1753.954459179171,1557.3016816658494,3311.25614084502
4150.0,50.0,8.0,270.0,0.06,1753.954459179171,1568.5474767363842,3322.501935915555
4150.0,100.0,8.0,270.0,0.06,1753.954459179171,1598.8257389514447,3352.7801981306156
4150.0,150.0,8.0,270.0,0.06,1753.954459179171,1638.7157819726349,3392.670241151806
4150.0,200.0,8.0,270.0,0.06,1753.954459179171,1678.452884487625,3432.4073436667954
4150.0,250.0,8.0,270.0,0.06,1753.954459179171,1710.0611156074674,3464.0155747866384
4150.0,300.0,8.0,270.0,0.06,1753.954459179171,1731.6105583629303,3485.5650175421015
4150.0,350.0,8.0,270.0,0.06,1753.954459179171,1743.897877143685,3497.852336322856
4150.0,400.0,8.0,270.0,0.06,1753.954459179171,1749.9533424160118,3503.9078015951827
4150.0,450.0,8.0,270.0,0.06,1753.954459179171,1752.5475056745931,3506.501964853764
4150.0,500.0,8.0,270.0,0.06,1753.954459179171,1753.5172557935168,3507.471714972688
4150.0,550.0,8.0,270.0,0.06,1753.954459179171,1753.8344183250813,3507.788877504252
4200.0,0.0,8.0,270.0,0.06,1753.954459179171,1560.818969572502,3314.773428751673
4200.0,50.0,8.0,270.0,0.06,1753.954459179171,1571.658596191311,3325.6130553704816
4200.0,100.0,8.0,270.0,0.06,1753.954459179171,1600.9715771875142,3354.9260363666854
4200.0,150.0,8.0,270.0,0.06,1753.954459179171,1639.6784093531614,3393.6328685323324
4200.0,200.0,8.0,270.0,0.06,1753.954459179171,1678.5171089463727,3432.471568125544
4200.0,250.0,8.0,270.0,0.06,1753.954459179171,1709.65436681437,3463.608825993541
4200.0,300.0,8.0,270.0,0.06,1753.954459179171,1731.1232719225952,3485.0777311017664
4200.0,350.0,8.0,270.0,0.06,1753.954459179171,1743.527169438374,3497.4816286175446
4200.0,400.0,8.0,270.0,0.06,1753.954459179171,1749.735102619868,3503.689561799039
4200.0,450.0,8.0,270.0,0.06,1753.954459179171,1752.4419973750423,3506.3964565542137
4200.0,500.0,8.0,270.0,0.06,1753.954459179171,1753.474253875523,3507.4287130546936
4200.0,550.0,8.0,270.0,0.06,1753.954459179171,1753.8194341383073,3507.7738933174783
4250.0,0.0,8.0,270.0,0.06,1753.954459179171,1564.2390380243723,3318.1934972035433
4250.0,50.0,8.0,270.0,0.06,1753.954459179171,1574.6905626801706,3328.6450218593413
4250.0,100.0,8.0,270.0,0.06,1753.954459179171,1603.079201535125,3357.033660714296
4250.0,150.0,8.0,270.0,0.06,1753.954459179171,1640.643399633721,3394.597858812892
4250.0,200.0,8.0,270.0,0.06,1753.954459179171,1678.604140050583,3432.558599229754
4250.0,250.0,8.0,270.0,0.06,1753.954459179171,1709.2697688233775,3463.2242280025484
4250.0,300.0,8.0,270.0,0.06,1753.954459179171,1730.6466521520515,3484.6011113312225
4250.0,350.0,8.0,270.0,0.06,1753.954459179171,1743.1569433036989,3497.11140248287
4250.0,400.0,8.0,270.0,0.06,1753.954459179171,1749.512822384711,3503.467281563882
4250.0,450.0,8.0,270.0,0.06,1753.954459179171,1752.3322993241204,3506.2867585032914
4250.0,500.0,8.0,270.0,0.06,1753.954459179171,1753.4285390888751,3507.382998268046
4250.0,550.0,8.0,270.0,0.06,1753.954459179171,1753.8031150729134,3507.7575742520844
4300.0,0.0,8.0,270.0,0.06,1753.954459179171,1567.5654291088451,3321.519888288016
4300.0,50.0,8.0,270.0,0.06,1753.954459179171,1577.6459675956087,3331.6004267747794
4300.0,100.0,8.0,270.0,0.06,1753.954459179171,1605.1492106628725,3359.1036698420435
4300.0,150.0,8.0,270.0,0.06,1753.954459179171,1641.6098518529257,3395.564311032097
4300.0,200.0,8.0,270.0,0.06,1753.954459179171,1678.7128794413313,3432.6673386205025
4300.0,250.0,8.0,270.0,0.06,1753.954459179171,1708.906910780587,3462.8613699597577
4300.0,300.0,8.0,270.0,0.06,1753.954459179171,1730.1809644036011,3484.1354235827716
4300.0,350.0,8.0,270.0,0.06,1753.954459179171,1742.7876506163996,3496.7421097955703
4300.0,400.0,8.0,270.0,0.06,1753.954459179171,1749.2867876046282,3503.241246783799
4300.0,450.0,8.0,270.0,0.06,1753.954459179171,1752.2184809158578,3506.172940095029
4300.0,500.0,8.0,270.0,0.06,1753.954459179171,1753.3800676151936,3507.3345267943646
4300.0,550.0,8.0,270.0,0.06,1753.954459179171,1753.7853998568723,3507.739859036043
4350.0,0.0,8.0,270.0,0.06,1753.954459179171,1570.801525274391,3324.7559844535617
4350.0,50.0,8.0,270.0,0.06,1753.954459179171,1580.5354833893152,3334.489942568486
4350.0,100.0,8.0,270.0,0.06,1753.954459179171,1607.1822100447441,3361.136669223915
4350.0,150.0,8.0,270.0,0.06,1753.954459179171,1642.5898238197826,3396.5442829989533
4350.0,200.0,8.0,270.0,0.06,1753.954459179171,1678.8422624055702,3432.796721584741
4350.0,250.0,8.0,270.0,0.06,1753.954459179171,1708.5653637446296,3462.5198229238003
4350.0,300.0,8.0,270.0,0.06,1753.954459179171,1729.7264385419396,3483.680897721111
4350.0,350.0,8.0,270.0,0.06,1753.954459179171,1742.4197253351203,3496.3741845142918
4350.0,400.0,8.0,270.0,0.06,1753.954459179171,1749.0572877404693,3503.0117469196402
4350.0,450.0,8.0,270.0,0.06,1753.954459179171,1752.1006223956608,3506.0550815748315
4350.0,500.0,8.0,270.0,0.06,1753.954459179171,1753.3288028315196,3507.2832620106906
4350.0,550.0,8.0,270.0,0.06,1753.954459179171,1753.766229088155,3507.720688267326
4400.0,0.0,8.0,270.0,0.06,1753.954459179171,1573.950557884953,3327.905017064124
4400.0,50.0,8.0,270.0,0.06,1753.954459179171,1583.4102800239941,3337.3647392031653
4400.0,100.0,8.0,270.0,0.06,1753.954459179171,1609.1788100450003,3363.1332692241717
4400.0,150.0,8.0,270.0,0.06,1753.954459179171,1643.583464292685,3397.5379234718557
4400.0,200.0,8.0,270.0,0.06,1753.954459179171,1678.9912579627762,3432.9457171419467
4400.0,250.0,8.0,270.0,0.06,1753.954459179171,1708.2446833715824,3462.1991425507535
4400.0,300.0,8.0,270.0,0.06,1753.954459179171,1729.283270598937,3483.237729778108
4400.0,350.0,8.0,270.0,0.06,1753.954459179171,1742.0535829615733,3496.0080421407442
4400.0,400.0,8.0,270.0,0.06,1753.954459179171,1748.824614550925,3502.7790737300957
4400.0,450.0,8.0,270.0,0.06,1753.954459179171,1751.9788142440723,3505.9332734232435
4400.0,500.0,8.0,270.0,0.06,1753.954459179171,1753.27471542266,3507.2291746018304
4400.0,550.0,8.0,270.0,0.06,1753.954459179171,1753.7455455452916,3507.7000047244624
4450.0,0.0,8.0,270.0,0.06,1753.954459179171,1577.0156152436919,3330.970074422863
4450.0,50.0,8.0,270.0,0.06,1753.954459179171,1586.2140864836053,3340.1685456627765
4450.0,100.0,8.0,270.0,0.06,1753.954459179171,1611.1396241936734,3365.0940833728446
4450.0,150.0,8.0,270.0,0.06,1753.954459179171,1644.5761910668525,3398.530650246023
4450.0,200.0,8.0,270.0,0.06,1753.954459179171,1679.158868810625,3433.1133279897963
4450.0,250.0,8.0,270.0,0.06,1753.954459179171,1707.944412407937,3461.898871587108
4450.0,300.0,8.0,270.0,0.06,1753.954459179171,1728.8516244411876,3482.806083620358
4450.0,350.0,8.0,270.0,0.06,1753.954459179171,1741.689620136442,3495.644079315613
4450.0,400.0,8.0,270.0,0.06,1753.954459179171,1748.5890608921093,3502.54352007128
4450.0,450.0,8.0,270.0,0.06,1753.954459179171,1751.8531565304147,3505.8076157095857
4450.0,500.0,8.0,270.0,0.06,1753.954459179171,1753.2177834443744,3507.172242623545
4450.0,550.0,8.0,270.0,0.06,1753.954459179171,1753.723294480371,3507.677753659542
4500.0,0.0,8.0,270.0,0.06,1753.954459179171,1579.9996501234923,3333.9541093026633
4500.0,50.0,8.0,270.0,0.06,1753.954459179171,1588.949163967409,3342.90362314658
4500.0,100.0,8.0,270.0,0.06,1753.954459179171,1613.0652676363504,3367.019726815521
4500.0,150.0,8.0,270.0,0.06,1753.954459179171,1645.5673084371665,3399.521767616337
4500.0,200.0,8.0,270.0,0.06,1753.954459179171,1679.3441311468746,3433.2985903260455
4500.0,250.0,8.0,270.0,0.06,1753.954459179171,1707.6640829992891,3461.61854217846
4500.0,300.0,8.0,270.0,0.06,1753.954459179171,1728.431633438625,3482.386092617796
4500.0,350.0,8.0,270.0,0.06,1753.954459179171,1741.328214359725,3495.2826735388962
4500.0,400.0,8.0,270.0,0.06,1753.954459179171,1748.3509195885365,3502.305378767707
4500.0,450.0,8.0,270.0,0.06,1753.954459179171,1751.723758243421,3505.6782174225914
4500.0,500.0,8.0,270.0,0.06,1753.954459179171,1753.1579923394643,3507.112451518635
4500.0,550.0,8.0,270.0,0.06,1753.954459179171,1753.6994238924588,3507.6538830716295
4550.0,0.0,8.0,270.0,0.06,1753.954459179171,1582.9688103410144,3336.9232695201854
4550.0,50.0,8.0,270.0,0.06,1753.954459179171,1591.6176867833854,3345.5721459625565
4550.0,100.0,8.0,270.0,0.06,1753.954459179171,1614.9563557432348,3368.9108149224053
4550.0,150.0,8.0,270.0,0.06,1753.954459179171,1646.5561704583097,3400.5106296374806
4550.0,200.0,8.0,270.0,0.06,1753.954459179171,1679.5461143831294,3433.5005735623004
4550.0,250.0,8.0,270.0,0.06,1753.954459179171,1707.4032188227372,3461.357678001908
4550.0,300.0,8.0,270.0,0.06,1753.954459179171,1728.0234021239144,3481.9778613030853
4550.0,350.0,8.0,270.0,0.06,1753.954459179171,1740.969723825339,3494.92418300451
4550.0,400.0,8.0,270.0,0.06,1753.954459179171,1748.1104823774385,3502.064941556609
4550.0,450.0,8.0,270.0,0.06,1753.954459179171,1751.5907366055303,3505.545195784701
4550.0,500.0,8.0,270.0,0.06,1753.954459179171,1753.095334909158,3507.0497940883292
4550.0,550.0,8.0,270.0,0.06,1753.954459179171,1753.6738847797687,3507.6283439589392
4600.0,0.0,8.0,270.0,0.06,1753.954459179171,1585.8647753827045,3339.8192345618754
4600.0,50.0,8.0,270.0,0.06,1753.954459179171,1594.2217462000249,3348.1762053791954
4600.0,100.0,8.0,270.0,0.06,1753.954459179171,1616.8135028637037,3370.767962042875
4600.0,150.0,8.0,270.0,0.06,1753.954459179171,1647.5421781233463,3401.496637302517
4600.0,200.0,8.0,270.0,0.06,1753.954459179171,1679.7639207647385,3433.718379943909
4600.0,250.0,8.0,270.0,0.06,1753.954459179171,1707.1613370512187,3461.1157962303896
4600.0,300.0,8.0,270.0,0.06,1753.954459179171,1727.627007833721,3481.581467012892
4600.0,350.0,8.0,270.0,0.06,1753.954459179171,1740.614487360017,3494.568946539188
4600.0,400.0,8.0,270.0,0.06,1753.954459179171,1747.868038927493,3501.822498106664
4600.0,450.0,8.0,270.0,0.06,1753.954459179171,1751.4542163770914,3505.408675556262
4600.0,500.0,8.0,270.0,0.06,1753.954459179171,1753.0298112424705,3506.984270421641
4600.0,550.0,8.0,270.0,0.06,1753.954459179171,1753.6466313692308,3507.6010905484018
4650.0,0.0,8.0,270.0,0.06,1753.954459179171,1588.686141239078,3342.640600418249
4650.0,50.0,8.0,270.0,0.06,1753.954459179171,1596.7633541078721,3350.717813287043
4650.0,100.0,8.0,270.0,0.06,1753.954459179171,1618.6373212137164,3372.591780392887
4650.0,150.0,8.0,270.0,0.06,1753.954459179171,1648.524776680177,3402.4792358593477
4650.0,200.0,8.0,270.0,0.06,1753.954459179171,1679.996684909767,3433.951144088938
4650.0,250.0,8.0,270.0,0.06,1753.954459179171,1706.9379501580943,3460.8924093372652
4650.0,300.0,8.0,270.0,0.06,1753.954459179171,1727.2425023241615,3481.1969615033327
4650.0,350.0,8.0,270.0,0.06,1753.954459179171,1740.2628244568302,3494.217283636001
4650.0,400.0,8.0,270.0,0.06,1753.954459179171,1747.623875932288,3501.5783351114587
4650.0,450.0,8.0,270.0,0.06,1753.954459179171,1751.3143291562374,3505.268788335408
4650.0,500.0,8.0,270.0,0.06,1753.954459179171,1752.9614286064248,3506.9158877855957
4650.0,550.0,8.0,270.0,0.06,1753.954459179171,1753.6176213224323,3507.572080501603
4700.0,0.0,8.0,270.0,0.06,1753.954459179171,1591.4354425893812,3345.389901768552
4700.0,50.0,8.0,270.0,0.06,1753.954459179171,1599.244446500972,3353.1989056801426
4700.0,100.0,8.0,270.0,0.06,1753.954459179171,1620.4284198844646,3374.3828790636353
4700.0,150.0,8.0,270.0,0.06,1753.954459179171,1649.5034530812438,3403.457912260415
4700.0,200.0,8.0,270.0,0.06,1753.954459179171,1680.2435732787587,3434.1980324579295
4700.0,250.0,8.0,270.0,0.06,1753.954459179171,1706.73256757034,3460.6870267495115
4700.0,300.0,8.0,270.0,0.06,1753.954459179171,1726.869913353906,3480.8243725330767
4700.0,350.0,8.0,270.0,0.06,1753.954459179171,1739.9150353940274,3493.869494573198
4700.0,400.0,8.0,270.0,0.06,1753.954459179171,1747.3782762781475,3501.3327354573184
4700.0,450.0,8.0,270.0,0.06,1753.954459179171,1751.1712126797033,3505.1256718588743
4700.0,500.0,8.0,270.0,0.06,1753.954459179171,1752.8902013001957,3506.8446604793667
4700.0,550.0,8.0,270.0,0.06,1753.954459179171,1753.586815917199,3507.54127509637
4750.0,0.0,8.0,270.0,0.06,1753.954459179171,1594.1151075370922,3348.069566716263
4750.0,50.0,8.0,270.0,0.06,1753.954459179171,1601.6668867877795,3355.6213459669502
4750.0,100.0,8.0,270.0,0.06,1753.954459179171,1622.1874039615934,3376.1418631407646
4750.0,150.0,8.0,270.0,0.06,1753.954459179171,1650.4777335616814,3404.432192740852
4750.0,200.0,8.0,270.0,0.06,1753.954459179171,1680.5037835858705,3434.458242765041
4750.0,250.0,8.0,270.0,0.06,1753.954459179171,1706.5446971786212,3460.4991563577923
4750.0,300.0,8.0,270.0,0.06,1753.954459179171,1726.5092462294251,3480.463705408596
4750.0,350.0,8.0,270.0,0.06,1753.954459179171,1739.5714014302505,3493.5258606094217
4750.0,400.0,8.0,270.0,0.06,1753.954459179171,1747.1315182853816,3501.0859774645523
4750.0,450.0,8.0,270.0,0.06,1753.954459179171,1751.0250101293752,3504.979469308546
4750.0,500.0,8.0,270.0,0.06,1753.954459179171,1752.8161504763336,3506.7706096555044
4750.0,550.0,8.0,270.0,0.06,1753.954459179171,1753.5541802043822,3507.508639383553
4800.0,0.0,8.0,270.0,0.06,1753.954459179171,1596.7274629383285,3350.6819221174997
4800.0,50.0,8.0,270.0,0.06,1753.954459179171,1604.0324689406,3357.986928119771
4800.0,100.0,8.0,270.0,0.06,1753.954459179171,1623.9148737452565,3377.8693329244275
4800.0,150.0,8.0,270.0,0.06,1753.954459179171,1651.4471813410728,3405.4016405202437
4800.0,200.0,8.0,270.0,0.06,1753.954459179171,1680.7765441609251,3434.7310033400963
4800.0,250.0,8.0,270.0,0.06,1753.954459179171,1706.3738467124606,3460.3283058916313
4800.0,300.0,8.0,270.0,0.06,1753.954459179171,1726.1604853078318,3480.1149444870025
4800.0,350.0,8.0,270.0,0.06,1753.954459179171,1739.2321850676583,3493.186644246829
4800.0,400.0,8.0,270.0,0.06,1753.954459179171,1746.8838750214843,3500.838334200655
4800.0,450.0,8.0,270.0,0.06,1753.954459179171,1750.8758694488704,3504.830328628041
4800.0,500.0,8.0,270.0,0.06,1753.954459179171,1752.739303932293,3506.693763111464
4800.0,550.0,8.0,270.0,0.06,1753.954459179171,1753.5196831397022,3507.4741423188734
4850.0,0.0,8.0,270.0,0.06,1753.954459179171,1599.2747394219607,3353.2291986011314
4850.0,50.0,8.0,270.0,0.06,1753.954459179171,1606.3429204920867,3360.297379671258
4850.0,100.0,8.0,270.0,0.06,1753.954459179171,1625.6114240620163,3379.5658832411873
4850.0,150.0,8.0,270.0,0.06,1753.954459179171,1652.411394443922,3406.3658536230932
4850.0,200.0,8.0,270.0,0.06,1753.954459179171,1681.06111327096,3435.015572450131
4850.0,250.0,8.0,270.0,0.06,1753.954459179171,1706.2195249884828,3460.1739841676535
4850.0,300.0,8.0,270.0,0.06,1753.954459179171,1725.8235954535983,3479.778054632769
4850.0,350.0,8.0,270.0,0.06,1753.954459179171,1738.8976303749,3492.852089554071
4850.0,400.0,8.0,270.0,0.06,1753.954459179171,1746.635613684416,3500.590072863587
4850.0,450.0,8.0,270.0,0.06,1753.954459179171,1750.7239426739409,3504.6784018531116
4850.0,500.0,8.0,270.0,0.06,1753.954459179171,1752.6596958755229,3506.614155054694
4850.0,550.0,8.0,270.0,0.06,1753.954459179171,1753.4832976907212,3507.437756869892
4900.0,0.0,8.0,270.0,0.06,1753.954459179171,1601.7590761216784,3355.713535300849
4900.0,50.0,8.0,270.0,0.06,1753.954459179171,1608.5999053868777,3362.5543645660487
4900.0,100.0,8.0,270.0,0.06,1753.954459179171,1627.2776436603856,3381.2321028395563
4900.0,150.0,8.0,270.0,0.06,1753.954459179171,1653.3700036339558,3407.324462813127
4900.0,200.0,8.0,270.0,0.06,1753.954459179171,1681.3567784089573,3435.3112375881283
4900.0,250.0,8.0,270.0,0.06,1753.954459179171,1706.0812430395679,3460.035702218739
4900.0,300.0,8.0,270.0,0.06,1753.954459179171,1725.4985234462217,3479.452982625393
4900.0,350.0,8.0,270.0,0.06,1753.954459179171,1738.5679633623868,3492.5224225415577
4900.0,400.0,8.0,270.0,0.06,1753.954459179171,1746.3869950536987,3500.3414542328696
4900.0,450.0,8.0,270.0,0.06,1753.954459179171,1750.5693852800641,3504.5238444592346
4900.0,500.0,8.0,270.0,0.06,1753.954459179171,1752.577366665325,3506.5318258444954
4900.0,550.0,8.0,270.0,0.06,1753.954459179171,1753.4450009192874,3507.3994600984583
4950.0,0.0,8.0,270.0,0.06,1753.954459179171,1604.182525138781,3358.136984317952
4950.0,50.0,8.0,270.0,0.06,1753.954459179171,1610.8050266959897,3364.7594858751604
4950.0,100.0,8.0,270.0,0.06,1753.954459179171,1628.914114682495,3382.868573861666
4950.0,150.0,8.0,270.0,0.06,1753.954459179171,1654.3226704574201,3408.2771296365913
4950.0,200.0,8.0,270.0,0.06,1753.954459179171,1681.6628555566583,3435.617314735829
4950.0,250.0,8.0,270.0,0.06,1753.954459179171,1705.958515132486,3459.912974311657
4950.0,300.0,8.0,270.0,0.06,1753.954459179171,1725.1851993365847,3479.1396585157554
4950.0,350.0,8.0,270.0,0.06,1753.954459179171,1738.2433924027607,3492.1978515819314
4950.0,400.0,8.0,270.0,0.06,1753.954459179171,1746.1382730068065,3500.0927321859776
4950.0,450.0,8.0,270.0,0.06,1753.954459179171,1750.412355550091,3504.366814729262
4950.0,500.0,8.0,270.0,0.06,1753.954459179171,1752.4923625346682,3506.446821713839
4950.0,550.0,8.0,270.0,0.06,1753.954459179171,1753.4047740399603,3507.359233219131
